Symbol,Name,WatchList,DowComposite,NasdaqComposite,Russel1K,S&P500,S&P400
A,Agilent Technologies,,,,1.0,1.0,
AAL,American Airlines Gp,,1.0,1.0,1.0,1.0,
AAON,Aaon Inc,,,1.0,,,
AAP,Advance Auto Parts Inc,,,,1.0,1.0,
AAPL,Apple Inc,,1.0,1.0,1.0,1.0,
AAWW,Atlas Air Ww,,,1.0,,,
AAXN,Axon Inc,,,1.0,1.0,,1.0
ABBV,Abbvie Inc,,,,1.0,1.0,
ABC,Amerisourcebergen Corp,,,,1.0,1.0,
ABCB,Ameris Bancorp,,,1.0,,,
ABMD,Abiomed Inc,,,1.0,1.0,1.0,
ABNB,Airbnb Inc,1.0,,,,,
ABT,Abbott Laboratories,,,,1.0,1.0,
ACAD,Acadia Pharmaceutica,,,1.0,1.0,,
ACC,American Campus Communities Inc,,,,1.0,,1.0
ACCD,Accolade Inc,,,1.0,,,
ACET,Adicet Bio Inc,,,1.0,,,
ACGL,Arch Capital Grp Ltd,,,1.0,1.0,,
ACHC,Acadia Healthcr Company,,,1.0,1.0,,1.0
ACI,Albertsons Companies Inc Cl A,,,,1.0,,
ACIA,Acacia Communica,,,1.0,,,
ACIW,Aci Worldwide Inc,,,1.0,,,1.0
ACM,Aecom Technology Corp,,,,1.0,,1.0
ACMR,Acm Research Inc,,,1.0,,,
ACN,Accenture Plc,,,,1.0,1.0,
ACRS,Aclaris Therapts,,,1.0,,,
ACRX,Acelrx Pharmaceutica,,,1.0,,,
ADBE,Adobe Systems Inc,,,1.0,1.0,1.0,
ADI,Analog Devices,,,1.0,1.0,1.0,
ADM,Archer Daniels Midland,,,,1.0,1.0,
ADNT,Adient Plc,,,,,,1.0
ADP,Automatic Data Procs,,,1.0,1.0,1.0,
ADPT,Adaptive Biotechnologies Corp,,,1.0,1.0,,
ADS,Alliance Data Systems Corp,,,,1.0,,1.0
ADSK,Autodesk Inc,,,1.0,1.0,1.0,
ADT,ADT Inc,,,,1.0,,
ADUS,Addus Homecare Corp,,,1.0,,,
ADVM,Adverum Biotechnlgs,,,1.0,,,
AEE,Ameren Corp,,,,1.0,1.0,
AEGN,Aegion Corp,,,1.0,,,
AEIS,Advanced Energy,,,1.0,,,
AEO,American Eagle Outfitters,,,,,,1.0
AEP,American Electric Power Company,,1.0,1.0,1.0,1.0,
AES,The Aes Corp,,1.0,,1.0,1.0,
AFG,American Financial Group,,,,1.0,,1.0
AFIN,American Finance Trust Inc Cl A,,,1.0,,,
AFL,Aflac Inc,,,,1.0,1.0,
AFYA,Afya Ltd Cl A,,,1.0,,,
AGCO,Agco Corp,,,,1.0,,1.0
AGFS,Agrofresh Solutions,,,1.0,,,
AGIO,Agios Pharmaceuticals,,,1.0,1.0,,
AGNC,American Capital Age,,,1.0,1.0,,
AGO,Assured Guaranty Ltd,,,,1.0,,
AGR,Avangrid Inc,,,,1.0,,
AHCO,Adapthealth Corp Cl. A,,,1.0,,,
AI,C3.ai Inc,1.0,,,,,
AIG,American International Group,,,,1.0,1.0,
AIMC,Altra Indtl Mtn,,,1.0,,,
AIV,Apartment Investment and Management,,,,1.0,,
AIZ,Assurant Inc,,,,1.0,1.0,
AJG,Arthur J. Gallagher & Company,,,,1.0,1.0,
AKAM,Akamai Technologies,,,1.0,1.0,1.0,
AKRO,Akero Therapeutics Inc,,,1.0,,,
AL,Air Lease Corp Cl A,,,,1.0,,
ALB,Albemarle Corp,,,,1.0,1.0,
ALE,Allete Inc,,,,,,1.0
ALEC,Alector Inc,,,1.0,,,
ALGM,Allegro Microsystems Inc,,,1.0,,,
ALGN,Align Technology,,,1.0,1.0,1.0,
ALGT,Allegiant Travel Com,,,1.0,,,
ALK,Alaska Air Group,,1.0,,1.0,1.0,
ALKS,Alkermes Plc,,,1.0,1.0,,
ALL,Allstate Corp,,,,1.0,1.0,
ALLE,Allegion Plc,,,,1.0,1.0,
ALLK,Allakos Inc,,,1.0,,,
ALLO,Allogene Therapeutics Inc,,,1.0,,,
ALLY,Ally Financial,,,,1.0,,
ALNY,Alnylam Pharmaceuticals,,,1.0,1.0,,
ALRM,Alarm.com,,,1.0,,,
ALRN,Aileron Therapeutics Inc,,,1.0,,,
ALSN,Allison Transmission Holdings,,,,1.0,,
ALTA,Altabancorp,,,1.0,,,
ALTM,Altus Midstream Company,,,1.0,,,
ALTR,Altair Engineering Inc Cl A,,,1.0,,,
ALVR,Allovir Inc,,,1.0,,,
ALXN,Alexion Pharm Inc,,,1.0,1.0,1.0,
ALXO,Alx Oncology Holdings Inc,,,1.0,,,
AM,Antero Midstream Corp,,,,1.0,,1.0
AMAT,Applied Materials,,,1.0,1.0,1.0,
AMBA,Ambarella Inc,,,1.0,,,
AMCR,Amcor Plc,,,,1.0,1.0,
AMCX,Amc Networks Cl A,,,,,,1.0
AMD,Adv Micro Devices,,,1.0,1.0,1.0,
AME,Amtek Inc,,,,1.0,1.0,
AMED,Amedisys Inc,,,1.0,1.0,,1.0
AMG,Affiliated Managers Group,,,,1.0,,1.0
AMGN,Amgen Inc,,1.0,1.0,1.0,1.0,
AMH,American Homes 4 Rent,,,,1.0,,
AMKR,Amkor Technology,,,1.0,,,
AMP,Ameriprise Financial Services,,,,1.0,1.0,
AMPH,Amphastar Pharma,,,1.0,,,
AMRN,Amarin Corp Ads,,,1.0,,,
AMRS,Amyris Inc,1.0,,,,,
AMSF,Amerisafe Inc,,,1.0,,,
AMT,American Tower Corp,,,,1.0,1.0,
AMTI,Applied Molecular Transport Inc,,,1.0,,,
AMWD,Amer Woodmark Cp,,,1.0,,,
AMZN,Amazon.com Inc,,,1.0,1.0,1.0,
AN,Autonation Inc,,,,1.0,,1.0
ANAT,Amer Natl Insurance,,,1.0,1.0,,
ANET,Arista Networks Inc,,,,1.0,1.0,
ANSS,Ansys Inc,,,1.0,1.0,1.0,
ANTM,Anthem Inc,,,,1.0,1.0,
AON,AON Plc,,,,1.0,1.0,
AOS,Smith A.O. Corp,,,,1.0,1.0,
APA,Apache Corp,,,1.0,1.0,1.0,
APD,Air Products and Chemicals,,,,1.0,1.0,
APH,Amphenol Corp,,,,1.0,1.0,
APHA,Aphria Inc,,,1.0,,,
APLE,Apple Hospitality REIT Inc,,,,1.0,,
APLS,Apellis Pharmaceuticals Inc,,,1.0,,,
APO,Apollo Global Management Llc C,,,,1.0,,
APPF,Appfolio Cl A,,,1.0,,,
APPN,Appian Corp Cl A,,,1.0,,,
APPS,Digital Turbine,,,1.0,,,
APTV,Aptiv Plc,,,,1.0,1.0,
ARCB,Arcbest Corp,,,1.0,,,
ARCE,Arco Platform Ltd Cl A,,,1.0,,,
ARCT,Arcturus Therapeutics Ltd,,,1.0,,,
ARD,Ardagh Group S.A.,,,,1.0,,
ARE,Alexandria Real Estate Equities,,,,1.0,1.0,
ARES,Ares Management LP,,,,1.0,,
ARGX,Argenx Se Ads,,,1.0,,,
ARLP,Alliance Resource Pt,,,1.0,,,
ARMK,Aramark Holdings Corp,,,,1.0,,
ARNA,Arena Pharmaceuticals,,,1.0,,,
ARRY,Array Technologies Inc,,,1.0,,,
ARVN,Arvinas Inc,,,1.0,,,
ARW,Arrow Electronics,,,,1.0,,1.0
ARWR,Arrowhead Pharma,,,1.0,,,1.0
ASB,Associated Banc-Corp,,,,1.0,,1.0
ASGN,On Assignment,,,,,,1.0
ASH,Ashland Global Holdings Inc,,,,1.0,,1.0
ASML,Asml Hld NY Reg,,,1.0,,,
ASND,Ascendis Pharma Ads,,,1.0,,,
ASRT,Assertio Therapeutics Inc,,,1.0,,,
ASTE,Astec Inds Inc,,,1.0,,,
ATGE,Adtalem Global Education Inc,,,,,,1.0
ATH,Athene Holding Ltd,,,,1.0,,
ATNI,Atn International,,,1.0,,,
ATNX,Athenex Inc,,,1.0,,,
ATO,Atmos Energy Corp,,,,1.0,1.0,
ATR,Aptargroup,,,,1.0,,1.0
ATRA,Atara Biotherap,,,1.0,,,
ATRC,Atricure Inc,,,1.0,,,
ATRI,Atrion Corp,,,1.0,,,
ATSG,Air Transport,,,1.0,,,
ATUS,Altice USA Inc Cl A,,,,1.0,,
ATVI,Activision Blizzard,,,1.0,1.0,1.0,
AUB,Atlantic Union Bancshares Corp,,,1.0,,,
AUPH,Aurinia Pharm Ord,,,1.0,,,
AVAV,Aerovironment Inc,,,1.0,,,
AVB,Avalonbay Communities,,,,1.0,1.0,
AVGO,Broadcom Ltd,,,1.0,1.0,1.0,
AVIR,Atea Pharmaceuticals Inc,,,1.0,,,
AVLR,Avalara Inc,,,,1.0,,
AVNS,Avanos Medical Inc,,,,,,1.0
AVNT,Avient Corp,,,,,,1.0
AVRO,Avrobio Inc,,,1.0,,,
AVT,Avnet Inc,,,1.0,1.0,,1.0
AVTR,Avantor Inc,,,,1.0,,
AVY,Avery Dennison Corp,,,,1.0,1.0,
AWI,Armstrong World Industries Inc,,,,1.0,,
AWK,American Water Works,,1.0,,1.0,1.0,
AXNX,Axonics Modulation Technologies Inc,,,1.0,,,
AXP,American Express Company,,1.0,,1.0,1.0,
AXS,Axis Capital Holdings,,,,1.0,,
AXSM,Axsome Thera,,,1.0,,,
AXTA,Axalta Coating Systems Ltd,,,,1.0,,
AY,Atlantica Yield Plc,,,1.0,,,
AYI,Acuity Brands Inc,,,,1.0,,1.0
AYX,Alteryx Inc,,,,1.0,,
AZEK,The Azek Company Inc Cl A,,,,1.0,,
AZN,Astrazeneca Plc,,,1.0,,,
AZO,Autozone,,,,1.0,1.0,
AZPN,Aspen Technology,,,1.0,1.0,,
BA,Boeing Company,,1.0,,1.0,1.0,
BABA,Alibaba Group Holding Limited,1.0,,,,,
BAC,Bank of America Corp,,,,1.0,1.0,
BAH,Booz Allen Hamilton Holding Corp,,,,1.0,,
BAND,Bandwidth Inc,,,1.0,,,
BANF,Bancfirst Corp,,,1.0,,,
BANR,Banner Corp,,,1.0,,,
BATRK,Liberty Braves CS C,,,1.0,,,
BAX,Baxter International Inc,,,,1.0,1.0,
BBBY,Bed Bath & Beyond,,,1.0,,,
BBIO,Bridgebio Pharma Inc,,,1.0,,,
BBY,Best Buy Company,,,,1.0,1.0,
BC,Brunswick Corp,,,,1.0,,1.0
BCO,Brink's Company,,,,,,1.0
BCPC,Balchem Cp,,,1.0,,,
BDC,Belden Inc,,,,,,1.0
BDGE,Bridge Bancorp Inc,,,1.0,,,
BDN,Brandywine Realty Trust,,,,1.0,,
BDTX,Black Diamond Therapeutics Inc,,,1.0,,,
BDX,Becton Dickinson and Company,,,,1.0,1.0,
BEAM,Beam Therapeutics Inc,,,1.0,,,
BEAT,Biotelemetry Inc,,,1.0,,,
BECN,Beacon Roofing Suppl,,,1.0,,,
BEN,Franklin Resources,,,,1.0,1.0,
BERY,Berry Global Group,,,,1.0,,
BF.A,Brown Forman Inc Cl A,,,,1.0,,
BF.B,Brown Forman Inc Cl B,,,,1.0,1.0,
BFAM,Bright Horizons Family Solutions Inc,,,,1.0,,
BG,Bunge Ltd,,,,1.0,,
BGNE,Beigene Ltd Ads,,,1.0,,,
BHF,Brighthouse Financial Inc,,,1.0,1.0,,1.0
BIDU,Baidu Inc,,,1.0,,,
BIGC,Bigcommerce Holdings Inc,,,1.0,1.0,,
BIIB,Biogen Inc,,,1.0,1.0,1.0,
BILI,Bilibili Inc ADR,,,1.0,,,
BILL,Bill.com Holdings Inc,,,,1.0,,
BIO,Bio-Rad Laboratories,,,,1.0,1.0,
BJ,Bj's Wholesale Club Holdings Inc,,,,,,1.0
BK,Bank of New York Mellon Corp,,,,1.0,1.0,
BKEP,Blueknight Energy LP,,,1.0,,,
BKH,Black Hills Corp,,,,,,1.0
BKI,Black Knight Inc,,,,1.0,,
BKNG,Booking Holdings Inc,,,1.0,1.0,1.0,
BKR,Baker Hughes A Ge CO Cl A,,,,1.0,1.0,
BL,Blackline Inc,,,1.0,,,
BLCM,Bellicum Pharma Comm,,,1.0,,,
BLD,Topbuild Corp,,,,,,1.0
BLDP,Ballard Power Sys,,,1.0,,,
BLDR,Builders Firstsource,,,1.0,,,1.0
BLI,Berkeley Lights Inc,,,1.0,1.0,,
BLK,Blackrock,,,,1.0,1.0,
BLKB,Blackbaud Inc,,,1.0,,,1.0
BLL,Ball Corp,,,,1.0,1.0,
BLMN,Bloomin' Brands Inc,,,1.0,,,
BLUE,Bluebird Bio,,,1.0,1.0,,
BMCH,Bmc Stock Holdings,,,1.0,,,
BMRN,Biomarin Pharmaceuticals,,,1.0,1.0,,
BMY,Bristol-Myers Squibb Company,,,,1.0,1.0,
BNTX,Biontech Se ADR,,,1.0,,,
BOH,Bank of Hawaii Corp,,,,1.0,,1.0
BOKF,Bok Financial Corp,,,1.0,1.0,,
BPFH,Boston Pvt Finl Hld,,,1.0,,,
BPMC,Blueprint Medicines Corp,,,1.0,,,
BPOP,Popular Inc,,,1.0,1.0,,
BPY,Brookfield Property Partners L,,,1.0,,,
BPYU,Brookfield Property REIT Inc,,,,1.0,,
BR,Broadridge Financial Solutions Llc,,,,1.0,1.0,
BRID,Bridgford Foods Cp,,,1.0,,,
BRK.B,Berkshire Hathaway Cl B,,,,1.0,1.0,
BRKL,Brookline Bancorp,,,1.0,,,
BRKR,Bruker Corp,,,1.0,1.0,,
BRKS,Brooks Automation,,,1.0,,,
BRO,Brown & Brown,,,,1.0,,1.0
BRX,Brixmor Property Group Inc,,,,1.0,,1.0
BSX,Boston Scientific Corp,,,,1.0,1.0,
BSY,Bentley Systems Incorporated Cl B,,,1.0,,,
BTAI,Bioxcel Therapeutics Inc,,,1.0,,,
BURL,Burlington Stores Inc,,,,1.0,,
BUSE,First Busey Corp,,,1.0,,,
BWA,Borgwarner Inc,,,,1.0,1.0,
BWXT,Bwx Technologies Inc,,,,1.0,,
BXP,Boston Properties,,,,1.0,1.0,
BXS,Bancorpsouth Inc,,,,,,1.0
BYD,Boyd Gaming Corp,,,,,,1.0
BYND,Beyond Meat Inc,,,1.0,1.0,,
BZUN,Baozun Inc Ads,,,1.0,,,
C,Citigroup Inc,,,,1.0,1.0,
CABO,Cable One Inc,,,,1.0,,1.0
CAC,Camden Natl Cp,,,1.0,,,
CACC,Credit Acceptance,,,1.0,1.0,,
CACI,Caci International,,,,1.0,,1.0
CAG,Conagra Brands Inc,,,,1.0,1.0,
CAH,Cardinal Health,,,,1.0,1.0,
CAKE,Cheesecake Fact,,,1.0,,,
CALM,Cal-Maine Foods IN,,,1.0,,,
CAR,Avis Budget Group,,1.0,1.0,,,1.0
CARG,Cargurus Inc Cl A,,,1.0,,,
CARR,Carrier Global Corp [Carr/I],,,,1.0,1.0,
CASH,Meta Financial Group,,,1.0,,,
CASS,Cass Information Sys,,,1.0,,,
CASY,Casey's General Stor,,,1.0,1.0,,1.0
CAT,Caterpillar Inc,,1.0,,1.0,1.0,
CATY,Cathay Genl Bncp,,,1.0,,,1.0
CB,Chubb Ltd,,,,1.0,1.0,
CBOE,CBOE Global Markets Inc,,,,1.0,1.0,
CBPO,China Biologic Produ,,,1.0,,,
CBRE,CBRE Group Inc,,,,1.0,1.0,
CBRL,Cracker Barrel,,,1.0,,,1.0
CBSH,Commerce Bancshares,,,1.0,1.0,,1.0
CBT,Cabot Corp,,,,1.0,,1.0
CC,Chemours Company,,,,1.0,,1.0
CCI,Crown Castle International Corp,,,,1.0,1.0,
CCK,Crown Cork & Seal Company,,,,1.0,,
CCL,Carnival Corp,,,,1.0,1.0,
CCLP,CSI Compressco,,,1.0,,,
CCMP,Cabot Microelectron,,,1.0,,,1.0
CCOI,Cogent Comm Hlds,,,1.0,,,
CCXI,Chemocentryx Inc,,,1.0,,,
CDAY,Ceridian Hcm Holding Inc,,,,1.0,,1.0
CDK,Cdk Global Inc,,,1.0,1.0,,1.0
CDLX,Cardlytics Inc,,,1.0,,,
CDNA,Caredx Inc,,,1.0,,,
CDNS,Cadence Design Sys,,,1.0,1.0,1.0,
CDW,CDW Corp,,,1.0,1.0,1.0,
CE,Celanese Corp,,,,1.0,1.0,
CELH,Celsius Holdings Inc,,,1.0,,,
CENTA,Central Garden & Pet,,,1.0,,,
CERN,Cerner Corp,,,1.0,1.0,1.0,
CERS,Cerus Corp,,,1.0,,,
CF,Cf Industries Holdings,,,,1.0,1.0,
CFFN,Capitol Fed Finl Inc,,,1.0,,,
CFG,Citizens Financial Group Inc/Ri,,,,1.0,1.0,
CFR,Cullen/Frost Bankers,,,,1.0,,1.0
CFX,Colfax Corp,,,,1.0,,1.0
CG,The Carlyle Group,,,1.0,1.0,,
CGNX,Cognex Cp,,,1.0,1.0,,1.0
CHCO,City Holding Company,,,1.0,,,
CHD,Church & Dwight Company,,,,1.0,1.0,
CHDN,Churchill Downs IN,,,1.0,,,1.0
CHE,Chemed Inc,,,,1.0,,1.0
CHGG,Chegg Inc,,,,1.0,,
CHH,Choice Hotels International,,,,1.0,,1.0
CHKP,Check Point Software,,,1.0,,,
CHNG,Change Healthcare Inc,,,1.0,1.0,,
CHRS,Coherus Bio,,,1.0,,,
CHRW,C.H. Robinson Ww,,1.0,1.0,1.0,1.0,
CHTR,Charter Communicatio,,,1.0,1.0,1.0,
CHX,Championx Corp,,,,,,1.0
CI,Cigna Corp,,,,1.0,1.0,
CIEN,Ciena Corp,,,,1.0,,1.0
CIGI,Colliers Intl Grp IN,,,1.0,,,
CINF,Cincinnati Financial,,,1.0,1.0,1.0,
CIT,Cit Group Inc,,,,,,1.0
CL,Colgate-Palmolive Company,,,,1.0,1.0,
CLGX,Corelogic,,,,1.0,,1.0
CLH,Clean Harbors,,,,1.0,,1.0
CLR,Continental Resources,,,,1.0,,
CLX,Clorox Company,,,,1.0,1.0,
CMA,Comerica Inc,,,,1.0,1.0,
CMC,Commercial Metals Company,,,,,,1.0
CMCO,Columbus Mckinnon,,,1.0,,,
CMCSA,Comcast Corp A,,,1.0,1.0,1.0,
CMD,Cantel Medical,,,,,,1.0
CME,CME Group Inc,,,1.0,1.0,1.0,
CMG,Chipotle Mexican Grill,,,,1.0,1.0,
CMI,Cummins Inc,,,,1.0,1.0,
CMP,Compass Minerals Intl Inc,,,,,,1.0
CMPR,Cimpress N.V. Ord,,,1.0,,,
CMS,Cms Energy Corp,,,,1.0,1.0,
CNA,Cna Financial Corp,,,,1.0,,
CNC,Centene Corp,,,,1.0,1.0,
CNK,Cinemark Holdings Inc,,,,,,1.0
CNO,Cno Financial Group,,,,,,1.0
CNOB,Connectone Bancorp,,,1.0,,,
CNP,Centerpoint Energy Inc,,1.0,,1.0,1.0,
CNSL,Consolidated Communications Holdings Inc,,,1.0,,,
CNST,Constellation Pharmaceuticals Inc,,,1.0,,,
CNX,CNX Resources Corp,,,,,,1.0
CNXN,PC Connection Inc,,,1.0,,,
COF,Capital One Financial Corp,,,,1.0,1.0,
COG,Cabot Oil & Gas Corp,,,,1.0,1.0,
COHR,Coherent Inc,,,1.0,1.0,,1.0
COKE,Coca Cola Bot Cons,,,1.0,,,
COLB,Columbia Banking Sys,,,1.0,,,
COLD,Americold Realty Trust,,,,1.0,,
COLM,Columbia Sprtswr,,,1.0,1.0,,1.0
COMM,Commscope Holding Company,,,1.0,1.0,,
CONE,Cyrusone Inc,,,1.0,1.0,,1.0
COO,Cooper Companies,,,,1.0,1.0,
COOP,Mr.Cooper Group Inc,,,1.0,,,
COP,Conocophillips,,,,1.0,1.0,
COR,Coresite Realty Corp,,,,1.0,,1.0
CORE,Core Mark Holding,,,1.0,,,
CORT,Corcept Therapeutics,,,1.0,,,
COST,Costco Wholesale,,,1.0,1.0,1.0,
COTY,Coty Inc,,,,1.0,,1.0
COUP,Coupa Software Inc,,,1.0,1.0,,
CPA,Copa Holdings S.A.,,,,1.0,,
CPB,Campbell Soup Company,,,,1.0,1.0,
CPRI,Capri Holdings Ltd,,,,1.0,,
CPRT,Copart Inc,,,1.0,1.0,1.0,
CPT,Camden Property Trust,,,,1.0,,1.0
CR,Crane Company,,,,1.0,,1.0
CREE,Cree Inc,,,1.0,1.0,,1.0
CRI,Carter's Inc,,,,1.0,,1.0
CRL,Charles River Laboratories Intl,,,,1.0,,1.0
CRM,Salesforce.com Inc,,1.0,,1.0,1.0,
CRNC,Cerence Inc,,,1.0,,,
CRON,Cronos Group Inc,,,1.0,,,
CROX,Crocs Inc,,,1.0,,,
CRSP,Crispr Therapeutics Ag,,,1.0,,,
CRSR,Corsair Gaming Inc,,,1.0,,,
CRTO,Criteo S.A. Ads,,,1.0,,,
CRTX,Cortexyme Inc,,,1.0,,,
CRUS,Cirrus Logic Inc,,,1.0,1.0,,1.0
CRVL,Corvel Cp,,,1.0,,,
CRWD,Crowdstrike Holdings Inc,,,1.0,1.0,,
CSCO,Cisco Systems Inc,,1.0,1.0,1.0,1.0,
CSGP,Costar Group Inc,,,1.0,1.0,,
CSGS,C S G Sys Intl,,,1.0,,,
CSII,Cardiovascular Syst,,,1.0,,,
CSIQ,Canadian Solar Inc,,,1.0,,,
CSL,Carlisle Companies Inc,,,,1.0,,1.0
CSOD,Cornerstone Ondemand,,,1.0,,,
CSTE,Caesarstone Sdot-Yam,,,1.0,,,
CSX,CSX Corp,,1.0,1.0,1.0,1.0,
CTAS,Cintas Corp,,,1.0,1.0,1.0,
CTBI,Community TR Bancp,,,1.0,,,
CTLT,Catalent Inc,,,,1.0,1.0,
CTRE,Caretrust REIT Inc,,,1.0,,,
CTSH,Cognizant Tech Sol,,,1.0,1.0,1.0,
CTVA,Corteva Inc,,,,1.0,1.0,
CTXS,Citrix Systems Inc,,,1.0,1.0,1.0,
CUBE,Cubesmart,,,,1.0,,
CUZ,Cousins Properties Inc,,,,1.0,,1.0
CVAC,Curevac N.V.,,,1.0,,,
CVBF,Cvb Financial Corp,,,1.0,,,
CVCO,Cavco Inds Inc,,,1.0,,,
CVET,Covetrus Inc,,,1.0,,,
CVGW,Calavo Growers Inc,,,1.0,,,
CVLT,Commvault Systems,,,1.0,,,1.0
CVNA,Carvana CO Cl A,,,,1.0,,
CVS,CVS Corp,,,,1.0,1.0,
CVX,Chevron Corp,,1.0,,1.0,1.0,
CW,Curtiss-Wright Corp,,,,1.0,,1.0
CWST,Casella Waste Sys,,,1.0,,,
CXO,Concho Resources Inc,,,,1.0,1.0,
CYBR,Cyberark Soft Ord,,,1.0,,,
CYCN,Cyclerion Therapeutics Inc,,,1.0,,,
CYRX,Cryoport Inc,,,1.0,,,
CYTK,Cytokinetics,,,1.0,,,
CZR,Caesars Entertainment Inc,,,1.0,,,1.0
D,Dominion Resources,,1.0,,1.0,1.0,
DAL,Delta Air Lines Inc,,1.0,,1.0,1.0,
DAN,Dana Inc,,,,,,1.0
DAR,Darling International Inc,,,,,,1.0
DASH,DoorDash Inc,1.0,,,,,
DBX,Dropbox Inc,,,1.0,1.0,,
DCI,Donaldson Company,,,,1.0,,1.0
DCPH,Deciphera Pharmaceuticals Inc,,,1.0,,,
DCT,Duck Creek Technologies Inc,,,1.0,1.0,,
DD,Du Pont De.Nemours Inc,,,,1.0,1.0,
DDOG,Datadog Inc Cl A,,,1.0,1.0,,
DE,Deere & Company,,,,1.0,1.0,
DECK,Deckers Outdoor Corp,,,,,,1.0
DEI,Douglas Emmett,,,,1.0,,1.0
DELL,Dell Technologies Inc,,,,1.0,,
DFS,Discover Financial Services,,,,1.0,1.0,
DG,Dollar General Corp,,,,1.0,1.0,
DGX,Quest Diagnostics Inc,,,,1.0,1.0,
DHC,Diversified Healthcare Trust,,,1.0,,,
DHI,D.R. Horton,,,,1.0,1.0,
DHIL,Diamond Hill Inv,,,1.0,,,
DHR,Danaher Corp,,,,1.0,1.0,
DIOD,Diodes Inc,,,1.0,,,
DIS,Walt Disney Company,,1.0,,1.0,1.0,
DISCA,Discovery Comm A,,,1.0,1.0,1.0,
DISCK,Discovery Comm Inc,,,1.0,1.0,1.0,
DISH,Dish Network Corp,,,1.0,1.0,1.0,
DKNG,Draftkings Inc,,,1.0,,,
DKS,Dick's Sporting Goods Inc,,,,1.0,,1.0
DLB,Dolby Laboratories,,,,1.0,,
DLR,Digital Realty Trust,,,,1.0,1.0,
DLTR,Dollar Tree Inc,,,1.0,1.0,1.0,
DNB,Dun & Bradstreet Holdings Inc,,,,1.0,,
DNLI,Denali Therapeutics Inc,,,1.0,,,
DOC,Physicians Realty Trust,,,,,,1.0
DOCU,Docusign Inc,,,1.0,1.0,,
DOMO,Domo Inc Cl B,,,1.0,,,
DOOO,Brp Inc,,,1.0,,,
DORM,Dorman Products Inc,,,1.0,,,
DOV,Dover Corp,,,,1.0,1.0,
DOW,Dow Inc,,1.0,,1.0,1.0,
DOX,Amdocs Ltd Ord,,,1.0,1.0,,
DPZ,Domino's Pizza Inc,,,,1.0,1.0,
DRE,Duke Realty Corp,,,,1.0,1.0,
DRI,Darden Restaurants,,,,1.0,1.0,
DRNA,Dicerna Pharmaceutic,,,1.0,,,
DSGX,Descartes Sys Group,,,1.0,,,
DT,Dynatrace Inc,,,,1.0,,
DTE,Dte Energy Company,,,,1.0,1.0,
DUK,Duke Energy Corp,,1.0,,1.0,1.0,
DVA,Davita Healthcare Partners Inc,,,,1.0,1.0,
DVN,Devon Energy Corp,,,,1.0,1.0,
DXC,Dxc Technology Company,,,,1.0,1.0,
DXCM,Dexcom,,,1.0,1.0,1.0,
DY,Dycom Industries,,,,,,1.0
EA,Electronic Arts Inc,,,1.0,1.0,1.0,
EAF,Graftech International Ltd,,,,1.0,,
EBAY,Ebay Inc,,,1.0,1.0,1.0,
EBC,Eastern Bankshares Inc,,,1.0,,,
EBS,Emergent Biosolutions,,,,,,1.0
EBSB,Meridian Bncp,,,1.0,,,
EBTC,Enterprise Bancorp,,,1.0,,,
ECL,Ecolab Inc,,,,1.0,1.0,
ECOL,US Ecology Inc,,,1.0,,,
ECOR,Electrocore Inc,,,1.0,,,
ECPG,Encore Capital Group,,,1.0,,,
ED,Consolidated Edison Company of New York,,1.0,,1.0,1.0,
EDIT,Editas Medicine,,,1.0,,,
EEFT,Euronet Worldwide,,,1.0,1.0,,
EFSC,Enterprises Finl Svc,,,1.0,,,
EFX,Equifax Inc,,,,1.0,1.0,
EGBN,Eagle Bancorp Inc,,,1.0,,,
EGOV,Nic Inc,,,1.0,,,
EGP,Eastgroup Properties,,,,,,1.0
EHC,Encompass Health Corp,,,,1.0,,1.0
EHTH,Ehealth Inc,,,1.0,,,
EIDX,Eidos Therapeutics Inc,,,1.0,,,
EIX,Edison International,,1.0,,1.0,1.0,
EL,Estee Lauder Companies,,,,1.0,1.0,
ELAN,Elanco Animal Health Inc,,,,1.0,,
ELOX,Eloxx Pharmaceuticals Inc,,,1.0,,,
ELS,Equity Lifestyle Properties,,,,1.0,,
EME,Emcor Group,,,,,,1.0
EMN,Eastman Chemical Company,,,,1.0,1.0,
EMR,Emerson Electric Company,,,,1.0,1.0,
ENPH,Enphase Energy Inc,,,1.0,1.0,,1.0
ENR,Energizer Holdings Inc,,,,1.0,,1.0
ENS,Enersys Inc,,,,,,1.0
ENSG,The Ensign Group IN,,,1.0,,,
ENTA,Enanta Pharmaceutica,,,1.0,,,
ENTG,Entegris Inc,,,1.0,1.0,,
EOG,Eog Resources,,,,1.0,1.0,
EPAM,Epam Systems Inc,,,,1.0,,
EPAY,Bottomline Tech IN,,,1.0,,,
EPC,Edgewell Personal Care,,,,,,1.0
EPR,Entertainment Properties Trust,,,,1.0,,1.0
EPZM,Epizyme Inc,,,1.0,,,
EQC,Equity Commonwealth,,,,1.0,,
EQH,Axa Equitable Holdings Inc,,,,1.0,,
EQIX,Equinix Inc,,,1.0,1.0,1.0,
EQR,Equity Residential,,,,1.0,1.0,
EQT,Eqt Corp,,,,1.0,,1.0
ERIC,Ericsson ADR,,,1.0,,,
ERIE,Erie Indemnity Company,,,1.0,1.0,,
ES,Eversource Energy,,,,1.0,1.0,
ESGR,Enstar Group Ltd,,,1.0,,,
ESI,Element Solutions Inc,,,,1.0,,
ESLT,Elbit Systems Ltd,,,1.0,,,
ESNT,Essent Group Ltd,,,,,,1.0
ESPR,Esperion Theraptc,,,1.0,,,
ESRT,Empire State Realty Trust Inc,,,,1.0,,
ESS,Essex Property Trust,,,,1.0,1.0,
ESTC,Elastic N.V.,,,,1.0,,
ETN,Eaton Corp,,,,1.0,1.0,
ETR,Entergy Corp,,,,1.0,1.0,
ETRN,Equitrans Midstream Corp,,,,1.0,,1.0
ETSY,Etsy Inc,,,1.0,1.0,1.0,
EV,Eaton Vance Corp,,,,1.0,,1.0
EVBG,Everbridge Inc,,,1.0,1.0,,
EVOP,Evo Payments Inc Cl A,,,1.0,,,
EVR,Evercore Partners Inc,,,,1.0,,1.0
EVRG,Evergy Inc,,,,1.0,1.0,
EW,Edwards Lifesciences Corp,,,,1.0,1.0,
EWBC,East West Bancorp,,,1.0,1.0,,1.0
EXAS,Exact Sciences Cor,,,1.0,1.0,,
EXC,Exelon Corp,,1.0,1.0,1.0,1.0,
EXEL,Exelixis Inc,,,1.0,1.0,,1.0
EXLS,Exlservice Holdings,,,1.0,,,
EXP,Eagle Materials Inc,,,,1.0,,1.0
EXPD,Expeditors Intl,,1.0,1.0,1.0,1.0,
EXPE,Expedia Group Inc,,,1.0,1.0,1.0,
EXPI,Exp Realty International,,,1.0,,,
EXPO,Exponent Inc,,,1.0,,,
EXR,Extra Space Storage Inc,,,,1.0,1.0,
EYE,National Vision Holdings Inc,,,1.0,,,
EYEG,Eyegate Pharma,,,1.0,,,
F,Ford Motor Company,,,,1.0,1.0,
FAF,First American Corp,,,,1.0,,1.0
FANG,Diamondback Energy,,,1.0,1.0,1.0,
FANH,Fanhua Inc,,,1.0,,,
FARO,Faro Tech Inc,,,1.0,,,
FAST,Fastenal Company,,,1.0,1.0,1.0,
FATE,Fate Therapeutics,,,1.0,,,
FB,Facebook Inc,,,1.0,1.0,1.0,
FBHS,Fortune Brands Home & Security,,,,1.0,1.0,
FBNC,First Bancorp [Nc],,,1.0,,,
FBRX,Forte Biosciences Inc,,,1.0,,,
FCFS,First Cash Fin Svcs,,,1.0,,,1.0
FCN,Fti Consulting,,,,1.0,,1.0
FCNCA,First Citizens Bancs,,,1.0,1.0,,
FCX,Freeport-Mcmoran Inc,,,,1.0,1.0,
FDS,Factset Research Systems Inc,,,,1.0,,1.0
FDX,Fedex Corp,,1.0,,1.0,1.0,
FE,Firstenergy Corp,,1.0,,1.0,1.0,
FELE,Franklin Electric Company,,,1.0,,,
FEYE,Fireeye Inc,,,1.0,1.0,,
FFBC,First Finl Bncp [Oh],,,1.0,,,
FFIC,Flushing Finl Corp,,,1.0,,,
FFIN,First Finl Bkshs Inc,,,1.0,,,1.0
FFIV,F5 Networks Inc,,,1.0,1.0,1.0,
FGEN,Fibrogen Inc CS,,,1.0,,,
FHB,First Hawaiian Inc,,,1.0,1.0,,
FHI,Federated Investors,,,,,,1.0
FHN,First Horizon Corp,,,,1.0,,1.0
FIBK,First Interstate Ban,,,1.0,,,
FICO,Fair Isaac and Company Inc,,,,1.0,,1.0
FIS,Fidelity National Information Services,,,,1.0,1.0,
FISV,Fiserv Inc,,,1.0,1.0,1.0,
FITB,Fifth Third Bncp,,,1.0,1.0,1.0,
FIVE,Five Below Inc,,,1.0,1.0,,1.0
FIVN,Five9 Inc,,,1.0,1.0,,
FIZZ,Natl Beverage Cp,,,1.0,,,
FL,Footlocker Inc,,,,1.0,,1.0
FLEX,Flextronics Intl Ltd,,,1.0,,,
FLIC,First of Long Isla,,,1.0,,,
FLIR,Flir Systems Inc,,,1.0,1.0,1.0,
FLO,Flowers Foods,,,,1.0,,1.0
FLR,Fluor Corp,,,,,,1.0
FLS,Flowserve Corp,,,,1.0,1.0,
FLT,Fleetcor Technologies,,,,1.0,1.0,
FLWS,1-800-Flowers.com,,,1.0,,,
FMAO,Farmers & Merch Banc,,,1.0,,,
FMBI,First Midwest Bncp,,,1.0,,,
FMC,FMC Corp,,,,1.0,1.0,
FMTX,Forma Therapeutics Holdings Inc,,,1.0,,,
FNB,F.N.B. Corp,,,,1.0,,1.0
FND,Floor & Decor Holdings Inc,,,,1.0,,
FNF,Fidelity National Financial,,,,1.0,,
FNLC,First Bancorp Inc,,,1.0,,,
FOCS,Focus Financial Partners Inc Cl A,,,1.0,,,
FOLD,Amicus Therapeutics,,,1.0,,,
FORM,Formfactor Inc,,,1.0,,,
FORR,Forrester Resrch,,,1.0,,,
FOX,Fox Corp Cl B,,,1.0,1.0,1.0,
FOXA,Fox Corp Cl A,,,1.0,1.0,1.0,
FOXF,Fox Factory Cp,,,1.0,,,1.0
FPRX,Five Prime Thera,,,1.0,,,
FR,First Industrial Realty Trust,,,,1.0,,1.0
FRC,First Republic Bank,,,,1.0,1.0,
FRG,Franchise Group Inc,,,1.0,,,
FRHC,Freedom Holding Corp,,,1.0,,,
FRME,First Merchants Corp,,,1.0,,,
FROG,Jfrog Ltd,,,1.0,,,
FRPT,Freshpet Inc CS,,,1.0,,,
FRT,Federal Realty Investment Trust,,,,1.0,1.0,
FRTA,Forterra Inc,,,1.0,,,
FSLR,First Solar Inc,,,1.0,1.0,,1.0
FSLY,Fastly Inc,,,,1.0,,
FSV,Firstsrvce Sub VT Sh,,,1.0,,,
FTDR,Frontdoor Inc,,,1.0,1.0,,
FTI,Technipfmc Plc,,,,,1.0,
FTNT,Fortinet Inc,,,1.0,1.0,1.0,
FTV,Fortive Corp,,,,1.0,1.0,
FULT,Fulton Financial Cor,,,1.0,,,1.0
FUTU,Futu Holdings Ltd,,,1.0,,,
FWONA,Liberty Media F1 Series A,,,,1.0,,
FWONK,Liberty Media F1 Series K,,,1.0,1.0,,
FWRD,Foward Air Corp,,,1.0,,,
G,Genpact Ltd,,,,1.0,,
GABC,German Amer Bncp Inc,,,1.0,,,
GASS,Stealthgas Inc,,,1.0,,,
GATX,GATX Corp,,,,,,1.0
GBCI,Glacier Bancorp Inc,,,1.0,,,1.0
GBT,Global Blood Ther,,,1.0,1.0,,
GD,General Dynamics Corp,,,,1.0,1.0,
GDDY,Godaddy Inc,,,,1.0,,
GDEN,Golden Entmt,,,1.0,,,
GDS,Gds Holdings Ltd,,,1.0,,,
GE,General Electric Company,,,,1.0,1.0,
GEF,Greif Bros. Corp,,,,,,1.0
GEOS,Geospace Technologie,,,1.0,,,
GGG,Graco Inc,,,,1.0,,1.0
GH,Guardant Health Inc,,,1.0,1.0,,
GHC,Graham Holdings Company,,,,1.0,,1.0
GILD,Gilead Sciences Inc,,,1.0,1.0,1.0,
GIS,General Mills,,,,1.0,1.0,
GL,Globe Life Inc,,,,1.0,1.0,
GLNG,Golar Lng Ltd,,,1.0,,,
GLOB,Globant S.A.,,,,1.0,,
GLPG,Galapagos NV,,,1.0,,,
GLPI,Gaming & Leisure,,,1.0,1.0,,
GLUU,Glu Mobile Inc,,,1.0,,,
GLW,Corning Inc,,,,1.0,1.0,
GLYC,Glycomimetics Inc,,,1.0,,,
GM,General Motors Company,,,,1.0,1.0,
GMED,Globus Medical Inc,,,,1.0,,1.0
GNRC,Generac Holdings Inc,,,,1.0,,1.0
GNTX,Gentex Corp,,,1.0,1.0,,1.0
GNW,Genworth Financial Inc,,,,,,1.0
GO,Grocery Outlet Holding Corp,,,1.0,1.0,,1.0
GOCO,Gohealth Inc Cl A,,,,1.0,,
GOGL,Golden Ocean Gp,,,1.0,,,
GOOD,Gladstone Comml,,,1.0,,,
GOOG,Alphabet Cl C,,,1.0,1.0,1.0,
GOOGL,Alphabet Cl A,,,1.0,1.0,1.0,
GOSS,Gossamer Bio Inc,,,1.0,,,
GPC,Genuine Parts Company,,,,1.0,1.0,
GPK,Graphic Packaging Holding Company,,,,1.0,,
GPN,Global Payments Inc,,,,1.0,1.0,
GPS,Gap Inc,,,,1.0,1.0,
GRA,W.R. Grace & Company,,,,1.0,,
GRBK,Green Brick Partners,,,1.0,,,
GRFS,Grifols S.A.,,,1.0,,,
GRMN,Garmin Ltd,,,1.0,1.0,1.0,
GRUB,Grubhub Inc,,,,1.0,,1.0
GS,Goldman Sachs Group,,1.0,,1.0,1.0,
GSBC,Great Southern Bncp,,,1.0,,,
GSHD,Goosehead Insurance Inc Cl A,,,1.0,,,
GSM,Ferroglobe Plc Os,,,1.0,,,
GT,Goodyear Tire Rubber,,,1.0,,,1.0
GTES,Gates Industrial Corp Plc,,,,1.0,,
GTLS,Chart Industries IN,,,1.0,,,
GTYH,Gty Technology Holdings Inc,,,1.0,,,
GWPH,Gw Pharma ADR,,,1.0,,,
GWRE,Guidewire Software Inc,,,,1.0,,
GWW,W.W. Grainger,,,,1.0,1.0,
H,Hyatt Hotels Corp,,,,1.0,,
HAE,Haemonetics Corp,,,,1.0,,1.0
HAIN,Hain Celestial Group,,,1.0,1.0,,1.0
HAL,Halliburton Company,,,,1.0,1.0,
HALO,Halozyme Therapeutic,,,1.0,,,1.0
HAS,Hasbro Inc,,,1.0,1.0,1.0,
HBAN,Huntington Bcshs,,,1.0,1.0,1.0,
HBI,Hanesbrands Inc,,,,1.0,1.0,
HBMD,Howard Bancorp MD,,,1.0,,,
HCA,Hca Holdings Inc,,,,1.0,1.0,
HCAT,Health Catalyst Inc,,,1.0,,,
HCM,Hutchison China Ads,,,1.0,,,
HCSG,Healthcare Svcs Gp,,,1.0,,,1.0
HD,Home Depot,,1.0,,1.0,1.0,
HDS,HD Supply Hlds Cmm,,,1.0,1.0,,
HE,Hawaiian Electric Industries,,,,1.0,,1.0
HEI,Heico Corp,,,,1.0,,
HEI.A,Heico Cp Cl A,,,,1.0,,
HELE,Helen of Troy Ltd,,,1.0,,,1.0
HES,Hess Corp,,,,1.0,1.0,
HFC,Hollyfrontier Corp,,,,1.0,1.0,
HFFG,HF Foods Group Inc,,,1.0,,,
HHC,Howard Hughes Corp,,,,1.0,,
HIG,Hartford Financial Services Group,,,,1.0,1.0,
HII,Huntington Ingalls Industries,,,,1.0,1.0,
HIW,Highwoods Properties,,,,1.0,,1.0
HLF,Herbalife Ltd,,,,1.0,,
HLIO,Helios Technologies Inc,,,1.0,,,
HLNE,Hamilton Lane Inc Cl A,,,1.0,,,
HLT,Hilton Inc,,,,1.0,1.0,
HMST,Homestreet Inc,,,1.0,,,
HMSY,Hms Hlds Cp,,,1.0,,,
HNI,Hon Industries Inc,,,,,,1.0
HOG,Harley-Davidson Inc,,,,1.0,,1.0
HOLX,Hologic Inc,,,1.0,1.0,1.0,
HOMB,Home Bancshares Inc,,,1.0,,,1.0
HON,Honeywell International Inc,,1.0,,1.0,1.0,
HONE,Harborone Bancorp Inc,,,1.0,,,
HOPE,Hope Bancorp Inc,,,1.0,,,
HP,Helmerich & Payne,,,,1.0,,
HPE,Hewlett Packard Enterprise Comp,,,,1.0,1.0,
HPP,Hudson Pacific Properties,,,,1.0,,1.0
HPQ,Hp Inc,,,,1.0,1.0,
HQY,Healthequity,,,1.0,,,1.0
HR,Healthcare Realty Trust Inc,,,,,,1.0
HRB,H&R Block,,,,1.0,,1.0
HRC,Hill-Rom Holdings Inc,,,,1.0,,1.0
HRL,Hormel Foods Corp,,,,1.0,1.0,
HRMY,Harmony Biosciences Holdings Inc,,,1.0,,,
HRTX,Heron Therapeutics,,,1.0,,,
HSIC,Henry Schein Inc,,,1.0,1.0,1.0,
HSKA,Heska Corp,,,1.0,,,
HST,Host Marriott Financial Trust,,,1.0,1.0,1.0,
HSY,Hershey Foods Corp,,,,1.0,1.0,
HTA,Healthcare Trust of America,,,,1.0,,
HTHT,Huazhu Group Ltd,,,1.0,,,
HTLD,Heartland Express,,,1.0,,,
HTLF,Heartland Finl USA,,,1.0,,,
HUBB,Hubbell Inc B,,,,1.0,,1.0
HUBG,Hub Group Inc A,,,1.0,,,
HUBS,Hubspot Inc,,,,1.0,,
HUM,Humana Inc,,,,1.0,1.0,
HUN,Huntsman Corp,,,,1.0,,
HURN,Huron Consulting,,,1.0,,,
HWC,Hancock Whitney Corp,,,1.0,,,1.0
HWM,Howmet Aerospace Inc,,,,1.0,1.0,
HXL,Hexcel Corp,,,,1.0,,1.0
HZNP,Horizon Therapeutics,,,1.0,1.0,,
IAA,Iaa Inc,,,,1.0,,1.0
IAC,Iac Holdings Inc,,,1.0,1.0,,
IART,Integra Lifesciences,,,1.0,1.0,,1.0
IBKR,Interactive Brokers,,,1.0,1.0,,1.0
IBM,International Business Machines,,1.0,,1.0,1.0,
IBOC,Intl Bancshares,,,1.0,,,1.0
IBTX,Independent Bank Group,,,1.0,,,
ICE,Intercontinental Exchange,,,,1.0,1.0,
ICFI,Icf International,,,1.0,,,
ICLR,Icon Plc,,,1.0,,,
ICPT,Intercept Pharmaceuticals,,,1.0,,,
ICUI,I C U Medical Inc,,,1.0,1.0,,1.0
IDA,Idacorp Inc,,,,1.0,,1.0
IDCC,Interdigital Inc,,,1.0,,,1.0
IDXX,Idexx Laboratories,,,1.0,1.0,1.0,
IEP,Icahn Enterprises,,,1.0,,,
IEX,Idex Corp,,,,1.0,1.0,
IFF,International Flavors & Fragrances,,,,1.0,1.0,
IGMS,Igm Biosciences Inc,,,1.0,,,
IIVI,I I V I Inc,,,1.0,,,1.0
ILMN,Illumina Inc,,,1.0,1.0,1.0,
ILPT,Industrial Logistics Properties Trust,,,1.0,,,
IMVT,Immunovant Inc,,,1.0,,,
INBK,First Internet Bcp,,,1.0,,,
INCY,Incyte Corp,,,1.0,1.0,1.0,
INDB,Independent Bk Corp,,,1.0,,,
INFN,Infinera Corp,,,1.0,,,
INFO,IHS Markit Ltd,,,,1.0,1.0,
INGR,Ingredion Inc,,,,1.0,,1.0
INMD,Inmode Ltd,,,1.0,,,
INO,Inovio Pharma,,,1.0,,,
INOV,Inovalon Hlds Cm A,,,1.0,,,
INSM,Insmed Inc,,,1.0,,,
INT,World Fuel Services Corp,,,,,,1.0
INTC,Intel Corp,,1.0,1.0,1.0,1.0,
INTU,Intuit Inc,,,1.0,1.0,1.0,
INVA,Innoviva Inc,,,1.0,,,
INVH,Invitation Homes Inc,,,,1.0,,
IONS,Ionis Pharmaceuticals,,,1.0,1.0,,
IOSP,Innospec Inc,,,1.0,,,
IOVA,Iovance Biotherapeutics Inc,,,1.0,1.0,,
IP,International Paper Company,,,,1.0,1.0,
IPAR,Inter Parfums Inc,,,1.0,,,
IPG,Interpublic Group of Companies,,,,1.0,1.0,
IPGP,Ipg Photonics Corp,,,1.0,1.0,1.0,
IPHI,Inphi Corp,,,1.0,1.0,,
IQ,Iqiyi Inc ADR,,,1.0,,,
IQV,Iqvia Holdings Inc,,,,1.0,1.0,
IR,Ingersoll Rand Inc,,,,1.0,1.0,
IRBT,Irobot Corp,,,1.0,,,
IRDM,Iridium Comm Inc,,,1.0,,,
IRM,Iron Mountain Inc,,,,1.0,1.0,
IRTC,Irhythm Technologies Inc,,,1.0,,,
IRWD,Ironwood Pharmaceuti,,,1.0,,,
ISBC,Investors Bancorp,,,1.0,,,
ISRG,Intuitive Surg Inc,,,1.0,1.0,1.0,
ISTR,Investar Holding,,,1.0,,,
IT,Gartner Inc,,,,1.0,1.0,
ITCI,Intra-Cellular Ther,,,1.0,,,
ITOS,Iteos Therapeutics Inc,,,1.0,,,
ITRI,Itron Inc,,,1.0,,,
ITRN,Ituran Location,,,1.0,,,
ITT,ITT Inc,,,,1.0,,1.0
ITW,Illinois Tool Works Inc,,,,1.0,1.0,
IVZ,Invesco Plc,,,,1.0,1.0,
J,Jacobs Engineering Group Inc,,,,1.0,1.0,
JACK,Jack IN The Box Inc,,,1.0,,,1.0
JAMF,Jamf Holding Corp,,,,1.0,,
JAZZ,Jazz Pharma Plc,,,1.0,1.0,,1.0
JBGS,Jbg Smith Properties,,,,1.0,,1.0
JBHT,J B Hunt Transport,,1.0,1.0,1.0,1.0,
JBL,Jabil Circuit,,,,1.0,,1.0
JBLU,Jetblue Airways Cp,,1.0,1.0,1.0,,1.0
JCI,Johnson Controls Intl,,,,1.0,1.0,
JCOM,J2 Global Inc,,,1.0,,,1.0
JD,Jd.com Inc Ads,,,1.0,,,
JEF,Jefferies Financial Group Inc,,,,1.0,,1.0
JHG,Janus Henderson Group Plc,,,,,,1.0
JJSF,J J Snack Foods,,,1.0,,,
JKHY,Jack Henry & Assoc,,,1.0,1.0,1.0,
JLL,Jones Lang Lasalle Inc,,,,1.0,,1.0
JNJ,Johnson & Johnson,,1.0,,1.0,1.0,
JNPR,Juniper Networks,,,,1.0,1.0,
JOBS,51Job Inc,,,1.0,,,
JPM,JP Morgan Chase & Company,,1.0,,1.0,1.0,
JRVR,James River Gp HD,,,1.0,,,
JW.A,John Wiley Sons Cl A,,,,1.0,,1.0
JWN,Nordstrom,,,,1.0,,1.0
K,Kellogg Company,,,,1.0,1.0,
KALU,Kaiser Aluminum,,,1.0,,,
KALV,Kalvista Pharmaceuticals Inc,,,1.0,,,
KAR,Kar Auction Services Inc,,,,,,1.0
KBAL,Kimball Intl Cl B,,,1.0,,,
KBH,KB Home,,,,,,1.0
KBR,KBR Inc,,,,,,1.0
KC,Kingsoft Cloud Holdings Limited ADR,,,1.0,,,
KDP,Keurig Dr Pepper Inc,,,1.0,1.0,,
KELYA,Kelly Svcs Cl A,,,1.0,,,
KEX,Kirby Corp,,1.0,,1.0,,1.0
KEY,Keycorp,,,,1.0,1.0,
KEYS,Keysight Technologies Inc Comm,,,,1.0,1.0,
KHC,Kraft Heinz Company,,,1.0,1.0,1.0,
KIDS,Orthopediatrics Corp,,,1.0,,,
KIM,Kimco Realty Corp,,,,1.0,1.0,
KKR,KKR & CO LP,,,,1.0,,
KLAC,K L A-Tencor Corp,,,1.0,1.0,1.0,
KLIC,Kulicke and Soffa,,,1.0,,,
KMB,Kimberly-Clark Corp,,,,1.0,1.0,
KMI,Kinder Morgan,,,,1.0,1.0,
KMPR,Kemper Corp,,,,1.0,,1.0
KMT,Kennametal Inc,,,,,,1.0
KMX,Carmax Inc,,,,1.0,1.0,
KNSL,Kinsale Capital Group Inc,,,1.0,,,
KNX,Knight-Swift Transporation Inc,,,,1.0,,1.0
KO,Coca-Cola Company,,1.0,,1.0,1.0,
KOD,Kodiak Sciences Inc,,,1.0,,,
KOPN,Kopin Cp,,,1.0,,,
KPTI,Karyopharm Therapeut,,,1.0,,,
KR,Kroger Company,,,,1.0,1.0,
KRC,Kilroy Realty Corp,,,,1.0,,1.0
KRNT,Kornit Digital Ord,,,1.0,,,
KRNY,Kearny Financial,,,1.0,,,
KRON,Kronos Bio Inc,,,1.0,,,
KROS,Keros Therapeutics Inc,,,1.0,,,
KRTX,Karuna Therapeutics Inc,,,1.0,,,
KRYS,Krystal Biotech Inc,,,1.0,,,
KSS,Kohl's Corp,,,,1.0,,1.0
KSU,Kansas City Southern,,1.0,,1.0,1.0,
KTOS,Kratos Defns,,,1.0,,,
KURA,Kura Oncology,,,1.0,,,
KYMR,Kymera Therapeutics Inc,,,1.0,,,
L,Loews Corp,,,,1.0,1.0,
LAD,Lithia Motors,,,,,,1.0
LAMR,Lamar Advertis A,,,1.0,1.0,,1.0
LANC,Lancaster Colony Cor,,,1.0,,,1.0
LAUR,Laureate Education Inc,,,1.0,,,
LAZ,Lazard Ltd,,,,1.0,,
LB,L Brands Inc,,,,1.0,1.0,
LBAI,Lakeland Bancorp Inc,,,1.0,,,
LBRDA,Liberty Broadbd A,,,1.0,1.0,,
LBRDK,Liberty Broadbd C,,,1.0,1.0,,
LBTYA,Liberty Global Ord A,,,1.0,,,
LBTYK,Liberty Global Ord C,,,1.0,,,
LDOS,Leidos Holdings Inc,,,,1.0,1.0,
LEA,Lear Corp,,,,1.0,,1.0
LECO,Lincoln Elec Hld,,,1.0,1.0,,1.0
LEG,Leggett & Platt Inc,,,,1.0,1.0,
LEN,Lennar Corp,,,,1.0,1.0,
LEN.B,Lennar Corp Cl B,,,,1.0,,
LESL,Leslie's Inc,,,1.0,,,
LFUS,Littelfuse Inc,,,1.0,1.0,,1.0
LGF.A,Lions Gate Entertainment Corp Cl A,,,,1.0,,
LGF.B,Lions Gate Entertainment Corp Cl B,,,,1.0,,
LGIH,LGI Homes Inc,,,1.0,,,
LGND,Ligand Pharm,,,1.0,,,1.0
LH,Laboratory Corp of America Holdings,,,,1.0,1.0,
LHCG,LHC Group Inc,,,1.0,,,1.0
LHX,L3Harris Technologies Inc,,,,1.0,1.0,
LI,Li Auto Inc ADR,,,1.0,,,
LII,Lennox International,,,,1.0,,1.0
LILAK,Liberty Latin America Cl C,,,1.0,,,
LIN,Linde Plc,,,,1.0,1.0,
LITE,Lumentum Hld,,,1.0,1.0,,1.0
LIVN,Livanova Plc OR Sh,,,1.0,,,1.0
LKCO,Luokung Technology Corp,,,1.0,,,
LKFN,Lakeland Finl Corp,,,1.0,,,
LKQ,LKQ Corp,,,1.0,1.0,1.0,
LLY,Eli Lilly and Company,,,,1.0,1.0,
LMND,Lemonade Inc,,,,1.0,,
LMNX,Luminex Corp,,,1.0,,,
LMT,Lockheed Martin Corp,,,,1.0,1.0,
LNC,Lincoln National Corp,,,,1.0,1.0,
LNG,Cheniere Energy,,,,1.0,,
LNT,Alliant Energy Corp,,,1.0,1.0,1.0,
LOB,Live Oak Bancsh,,,1.0,,,
LOGI,Logitech Int S.A.,,,1.0,,,
LOOP,Loop Industries Inc,,,1.0,,,
LOPE,Grand Canyon Educati,,,1.0,1.0,,1.0
LOW,Lowe's Companies,,,,1.0,1.0,
LPLA,Lpl Financial Hld,,,1.0,1.0,,
LPRO,Open Lending Corp Cl A,,,1.0,,,
LPSN,Liveperson Inc,,,1.0,,,
LPX,Louisiana-Pacific Corp,,,,,,1.0
LRCX,Lam Research Corp,,,1.0,1.0,1.0,
LSCC,Lattice Semicond,,,1.0,,,
LSI,Life Storage,,,,1.0,,1.0
LSTR,Landstar System,,1.0,1.0,1.0,,1.0
LSXMA,Liberty Srs XM CS A,,,1.0,1.0,,
LSXMK,Liberty Srs XM CS C,,,1.0,1.0,,
LULU,Lululemon Athletica,,,1.0,1.0,,
LUMN,Centurylink,,,,1.0,1.0,
LUNG,Pulmonx Corp,,,1.0,,,
LUV,Southwest Airlines Company,,1.0,,1.0,1.0,
LVS,Las Vegas Sands,,,,1.0,1.0,
LW,Lamb Weston Holdings Inc,,,,1.0,1.0,
LYB,Lyondellbasell Industries NV,,,,1.0,1.0,
LYFT,Lyft Inc Cl A,,,1.0,1.0,,
LYV,Live Nation Entertainment,,,,1.0,1.0,
MA,Mastercard Inc,,,,1.0,1.0,
MAA,Mid-America Apartment Communities,,,,1.0,1.0,
MAC,Macerich Company,,,,,,1.0
MAN,Manpower Inc,,,,1.0,,1.0
MANH,Manhattan Assoc,,,1.0,1.0,,1.0
MANT,Mantech Intl Cp A,,,1.0,,,
MAR,Marriot Int Cl A,,,1.0,1.0,1.0,
MAS,Masco Corp,,,,1.0,1.0,
MASI,Masimo Corp,,,1.0,1.0,,1.0
MAT,Mattel Inc,,,1.0,1.0,,1.0
MATX,Matson Inc,,1.0,,,,
MBUU,Malibu Boats Inc,,,1.0,,,
MCD,McDonald's Corp,,1.0,,1.0,1.0,
MCHP,Microchip Technology,,,1.0,1.0,1.0,
MCK,Mckesson Corp,,,,1.0,1.0,
MCO,Moody's Corp,,,,1.0,1.0,
MCRB,Seres Theraptc,,,1.0,,,
MCRI,Monarch Casino,,,1.0,,,
MCY,Mercury General Corp,,,,1.0,,1.0
MDB,Mongodb Inc Cl A,,,1.0,1.0,,
MDGL,Madrigal Pharmaceuticals Inc,,,1.0,,,
MDLA,Medallia Inc,,,,1.0,,
MDLZ,Mondelez Intl Inc,,,1.0,1.0,1.0,
MDRX,Allscripts Hlthcare,,,1.0,,,
MDT,Medtronic Inc,,,,1.0,1.0,
MDU,Mdu Res Group Inc,,,,1.0,,1.0
MEDP,Medpace Holdings Inc,,,1.0,,,1.0
MELI,Mercadolibre Inc,,,1.0,,,
MEOH,Methanex Cp,,,1.0,,,
MERC,Mercer Intl Inc,,,1.0,,,
MET,Metlife Inc,,,,1.0,1.0,
MGEE,Mge Energy Inc,,,1.0,,,
MGIC,Magic Software Entpr,,,1.0,,,
MGLN,Magellan Health,,,1.0,,,
MGM,MGM Resorts International,,,,1.0,1.0,
MGNX,Macrogenics,,,1.0,,,
MGPI,MGP Ingredients Inc,,,1.0,,,
MGRC,Mcgrath Rentcorp,,,1.0,,,
MHK,Mohawk Industries,,,,1.0,1.0,
MIC,Macquarie Infrastructure Company Trust,,,,1.0,,
MIDD,Middleby Corp,,,1.0,1.0,,1.0
MIME,Mimecast Ltd Ord,,,1.0,,,
MKC,Mccormick & Company Inc,,,,1.0,1.0,
MKL,Markel Corp,,,,1.0,,
MKSI,Mks Instruments Inc,,,1.0,1.0,,1.0
MKTX,Marketaxess Holdings,,,1.0,1.0,1.0,
MLAB,Mesa Labs Inc,,,1.0,,,
MLCO,Melco Resorts & Entertainment,,,1.0,,,
MLHR,Miller Herman Inc,,,1.0,,,1.0
MLM,Martin Marietta Materials,,,,1.0,1.0,
MMC,Marsh & Mclennan Companies,,,,1.0,1.0,
MMM,3M Company,,1.0,,1.0,1.0,
MMS,Maximus Inc,,,,,,1.0
MMSI,Merit Medical Sys,,,1.0,,,
MMYT,Makemytrip Ltd,,,1.0,,,
MNRO,Monro Muffler Brak,,,1.0,,,
MNST,Monster Beverage Cp,,,1.0,1.0,1.0,
MO,Altria Group,,,,1.0,1.0,
MOH,Molina Healthcare Inc,,,,1.0,,1.0
MOMO,Momo Inc Ads,,,1.0,,,
MORN,Morningstar Inc,,,1.0,1.0,,
MOS,Mosaic Company,,,,1.0,1.0,
MPB,Mid Penn Bancorp Inc,,,1.0,,,
MPC,Marathon Petroleum Corp,,,,1.0,1.0,
MPW,Medical Properties Trust,,,,1.0,,1.0
MPWR,Monolithic Power Sys,,,1.0,1.0,,1.0
MRCY,Mercury Sys Inc,,,1.0,1.0,,1.0
MRK,Merck & Company,,1.0,,1.0,1.0,
MRKR,Marker Therapeutics Inc,,,1.0,,,
MRNA,Moderna Inc,,,1.0,1.0,,
MRO,Marathon Oil Corp,,,,1.0,1.0,
MRSN,Mersana Therapeutics Inc,,,1.0,,,
MRTN,Marten Transport L,,,1.0,,,
MRTX,Mirati Therapeutics,,,1.0,,,
MRVI,Maravai Lifesciences Holdings Inc Cl A,,,1.0,,,
MRVL,Marvell Tech Group,,,1.0,1.0,,
MS,Morgan Stanley,,,,1.0,1.0,
MSA,Msa Safety Inc,,,,1.0,,1.0
MSCI,MSCI Inc,,,,1.0,1.0,
MSEX,Middlesex Water Company,,,1.0,,,
MSFT,Microsoft Corp,1.0,1.0,1.0,1.0,1.0,
MSGE,Madison Square Garden Entertainment Corp,,,,1.0,,
MSGS,Madison Square Garden Sports Corp,,,,1.0,,
MSI,Motorola Solutions,,,,1.0,1.0,
MSM,Msc Industrial Direct Company,,,,1.0,,1.0
MSTR,Microstrategy Cl A,,,1.0,,,
MTB,M&T Bank Corp,,,,1.0,1.0,
MTCH,Match Group Inc,,,1.0,1.0,,
MTD,Mettler-Toledo International,,,,1.0,1.0,
MTG,Mgic Investment Corp,,,,1.0,,1.0
MTN,Vail Resorts,,,,1.0,,
MTSI,Macom Technology S,,,1.0,,,
MTX,Minerals Technologies Inc,,,,,,1.0
MTZ,Mastec Inc,,,,,,1.0
MU,Micron Technology,,,1.0,1.0,1.0,
MUR,Murphy Oil Corp,,,,1.0,,1.0
MUSA,Murphy USA Inc,,,,,,1.0
MXIM,Maxim Integrated,,,1.0,1.0,1.0,
MYGN,Myriad Genetics Inc,,,1.0,,,
NARI,Inari Medical Inc,,,1.0,,,
NATI,Natl Instruments Cor,,,1.0,1.0,,1.0
NAVI,Navient Cp,,,1.0,,,1.0
NBIX,Neurocrine Bioscienc,,,1.0,1.0,,
NBTB,NBT Bancorp Inc,,,1.0,,,
NCLH,Norwegian Cruise Ord,,,,1.0,1.0,
NCNA,Nucana Plc ADR,,,1.0,,,
NCNO,Ncino Inc,,,1.0,1.0,,
NCR,NCR Corp,,,,1.0,,1.0
NDAQ,Nasdaq Inc,,,1.0,1.0,1.0,
NDSN,Nordson Corp,,,1.0,1.0,,1.0
NEE,Nextera Energy,,1.0,,1.0,1.0,
NEM,Newmont Mining Corp,,,,1.0,1.0,
NEO,Neogenomics Inc,,,1.0,,,
NEOG,Neogen Cp,,,1.0,,,1.0
NESR,National Energy Services Reunited Corp,,,1.0,,,
NET,Cloudflare Inc Cl A,,,,1.0,,
NEU,Newmarket Corp,,,,1.0,,1.0
NEWR,New Relic Inc,,,,1.0,,
NFBK,Northfield Bncrp Del,,,1.0,,,
NFE,New Fortress Energy Llc,,,1.0,,,
NFG,National Fuel Gas Company,,,,1.0,,1.0
NFLX,Netflix Inc,,,1.0,1.0,1.0,
NGHC,National General Hld,,,1.0,,,
NGVT,Ingevity Corp,,,,,,1.0
NI,NiSource Inc,,1.0,,1.0,1.0,
NICE,Nice Ltd,,,1.0,,,
NJR,Newjersey Resources Corp,,,,,,1.0
NKE,Nike Inc,,1.0,,1.0,1.0,
NKLA,Nikola Corp,,,1.0,,,
NKTR,Nektar Therapeutics,,,1.0,1.0,,1.0
NKTX,Nkarta Inc,,,1.0,,,
NLOK,Nortonlifelock Inc,,,1.0,1.0,1.0,
NLSN,Nielsen Holdings Plc,,,,1.0,1.0,
NLY,Annaly Capital Management Inc,,,,1.0,,
NMIH,Nmi Holdings Inc,,,1.0,,,
NNN,National Retail Properties,,,,1.0,,1.0
NNOX,Nano-X Imaging Ltd,,,1.0,,,
NOC,Northrop Grumman Corp,,,,1.0,1.0,
NOV,National-Oilwell,,,,1.0,1.0,
NOVT,Novanta Inc,,,1.0,,,
NOW,Servicenow Inc,,,,1.0,1.0,
NRC,National Research Corp,,,1.0,,,
NRG,NRG Energy,,,,1.0,1.0,
NRIX,Nurix Therapeutics Inc,,,1.0,,,
NRZ,New Residential Investment Corp,,,,1.0,,
NSC,Norfolk Southern Corp,,1.0,,1.0,1.0,
NSIT,Insight Enterpr,,,1.0,,,
NSP,Insperity Inc,,,,,,1.0
NSTG,Nanostring Tech,,,1.0,,,
NTAP,Netapp Inc,,,1.0,1.0,1.0,
NTCT,Netscout Systems,,,1.0,,,1.0
NTES,Netease Inc Ads,,,1.0,,,
NTGR,Netgear Inc,,,1.0,,,
NTLA,Intellia Thera CS,,,1.0,,,
NTNX,Nutanix Inc,,,1.0,1.0,,
NTRA,Natera Inc,,,1.0,,,
NTRS,Northern Trust Corp,,,1.0,1.0,1.0,
NUAN,Nuance Communicatns,,,1.0,1.0,,
NUE,Nucor Corp,,,,1.0,1.0,
NUS,Nu Skin Enterprises,,,,1.0,,1.0
NUVA,Nuvasive Inc,,,1.0,,,1.0
NVAX,Novavax Inc,,,1.0,,,
NVCR,Novocure Ltd Ord Sh,,,1.0,1.0,,
NVDA,Nvidia Corp,,,1.0,1.0,1.0,
NVMI,Nova Measuring Instr,,,1.0,,,
NVR,NVR Inc,,,,1.0,1.0,
NVST,Envista Holdings Corp,,,,1.0,,
NVT,Nvent Electric Plc,,,,1.0,,1.0
NWBI,Northwest Bancshares,,,1.0,,,
NWE,Northwestern Corp,,,1.0,,,1.0
NWL,Newell Rubbermaid Inc,,,1.0,1.0,1.0,
NWLI,Natl Wstrn Life Gp A,,,1.0,,,
NWS,News Cp Cl B,,,1.0,1.0,1.0,
NWSA,News Cp Cl A,,,1.0,1.0,1.0,
NXGN,Nextgen Healthcare Inc,,,1.0,,,
NXPI,Nxp Semiconductors,,,1.0,,,
NXST,Nexstar Media Group Inc.,,,1.0,1.0,,
NYCB,New York Community Bancorp,,,,1.0,,1.0
NYMT,New York Mtge Trust,,,1.0,,,
NYT,New York Times Company,,,,1.0,,1.0
O,Realty Income Corp,,,,1.0,1.0,
OAS,Oasis Petroleum Inc,,,1.0,,,
OC,Owens Corning Inc,,,,1.0,,1.0
OCFC,Oceanfirst Financial Corp,,,1.0,,,
ODFL,Old Dominion Freight Line Inc,,,1.0,1.0,1.0,
ODP,Office Depot,,,1.0,,,
OFC,Corporate Office Properties,,,,1.0,,1.0
OFLX,Omega Flex Inc,,,1.0,,,
OGE,Oge Energy Corp,,,,1.0,,1.0
OGS,One Gas Inc,,,,,,1.0
OHI,Omega Healthcare Investors,,,,1.0,,1.0
OI,Owens-Illinois,,,,,,1.0
OKE,Oneok Inc,,,,1.0,1.0,
OKTA,Okta Inc Cl A,,,1.0,1.0,,
OLED,Universal Display,,,1.0,1.0,,1.0
OLLI,Ollies Bargain CS,,,1.0,1.0,,1.0
OLMA,Olema Pharmaceuticals Inc,,,1.0,,,
OLN,Olin Corp,,,,1.0,,1.0
OM,Outset Medical Inc,,,1.0,,,
OMC,Omnicom Group Inc,,,,1.0,1.0,
OMCL,Omnicell Inc,,,1.0,,,
OMF,Onemain Holdings Inc,,,,1.0,,
ON,On Semiconductor,,,1.0,1.0,,
ONB,Old National Bncp,,,1.0,,,
ONEM,1Life Healthcare Inc,,,1.0,,,
OPCH,Option Care Health Inc,,,1.0,,,
OPK,Opko Health Inc,,,1.0,,,
ORCL,Oracle Corp,,,,1.0,1.0,
ORGO,Organogenesis Holdings Inc,,,1.0,,,
ORI,Old Republic International Corp,,,,1.0,,1.0
ORLY,O'Reilly Automotive,,,1.0,1.0,1.0,
OSH,Oak Street Health Inc,,,,1.0,,
OSIS,O S I Systems Inc,,,1.0,,,
OSK,Oshkosh Truck Corp,,,,1.0,,1.0
OSTK,Overstock.com Inc,,,1.0,,,
OTEX,Open Text Cp,,,1.0,,,
OTIS,Otis Worldwide Corp [Otis/I],,,,1.0,1.0,
OTTR,Otter Tail Corp,,,1.0,,,
OUT,Outfront Media Inc,,,,1.0,,
OXY,Occidental Petroleum Corp,,,,1.0,1.0,
OZK,Bank Ozk,,,1.0,1.0,,1.0
PAAS,Pan Amer Silver Corp,,,1.0,,,
PACB,Pacific Biosciences,,,1.0,,,
PACW,Pacwest Bancorp,,,1.0,1.0,,1.0
PAG,Penske Automotive Group,,,,1.0,,
PANW,Palo Alto Networks Inc,,,,1.0,,
PATK,Patrick Inds Inc,,,1.0,,,
PAYC,Paycom Software Inc,,,,1.0,1.0,
PAYX,Paychex Inc,,,1.0,1.0,1.0,
PB,Prosperity Bancshares,,,,1.0,,1.0
PBCT,People's United Finl,,,1.0,1.0,1.0,
PBH,Prestige Brand Holdings,,,,,,1.0
PCAR,Paccar Inc,,,1.0,1.0,1.0,
PCG,Pacific Gas & Electric Company,,,,1.0,,
PCH,Potlatch Cp,,,1.0,,,1.0
PCRX,Pacira Pharm Inc,,,1.0,,,
PCTY,Paylocity Hld Corp,,,1.0,1.0,,1.0
PCVX,Vaxcyte Inc,,,1.0,,,
PD,Pagerduty Inc,,,,1.0,,
PDCE,Pdc Energy Inc,,,1.0,,,
PDCO,Patterson Companies,,,1.0,,,1.0
PDD,Pinduoduo Inc ADR,,,1.0,,,
PE,Parsley Energy,,,,1.0,,
PEAK,Healthpeak Properties Inc,,,,1.0,1.0,
PEB,Pebblebrook Hotel Trust,,,,,,1.0
PEG,Public Service Enterprise Group Inc,,1.0,,1.0,1.0,
PEGA,Pegasystems Inc,,,1.0,1.0,,
PEN,Penumbra Inc,,,,1.0,,1.0
PENN,Penn Natl Gaming Inc,,,1.0,,,1.0
PEP,Pepsico Inc,,,1.0,1.0,1.0,
PFBC,Preferred Bank LA,,,1.0,,,
PFE,Pfizer Inc,,,,1.0,1.0,
PFG,Principal Financial Group Inc,,,1.0,1.0,1.0,
PFIS,Peoples Finl Svcs Company,,,1.0,,,
PFPT,Proofpoint Inc,,,1.0,1.0,,
PG,Procter & Gamble Company,,1.0,,1.0,1.0,
PGNY,Progyny Inc,,,1.0,,,
PGR,Progressive Corp,,,,1.0,1.0,
PGRE,Paramount Group Inc,,,,1.0,,
PH,Parker-Hannifin Corp,,,,1.0,1.0,
PHM,Pultegroup,,,,1.0,1.0,
PII,Polaris Industries Inc,,,,1.0,,1.0
PINC,Premier Inc Cl A,,,1.0,1.0,,
PINS,Pinterest Inc,,,,1.0,,
PK,Park Hotels & Resorts Inc,,,,1.0,,1.0
PKG,Packaging Corp of America,,,,1.0,1.0,
PKI,Perkinelmer,,,,1.0,1.0,
PLAN,Anaplan Inc,,,,1.0,,
PLD,Prologis Inc,,,,1.0,1.0,
PLMR,Palomar Holdings Inc,,,1.0,,,
PLNT,Planet Fitness,,,,1.0,,
PLUG,Plug Power Inc,,,1.0,,,
PLUS,Eplus Inc,,,1.0,,,
PLXS,Plexus Cp,,,1.0,,,
PLYA,Playa Hotels & Resorts N.V.,,,1.0,,,
PM,Philip Morris International Inc,,,,1.0,1.0,
PMVP,Pmv Pharmaceuticals Inc,,,1.0,,,
PNC,PNC Bank,,,,1.0,1.0,
PNFP,Pinnacle Finl Ptnrs,,,1.0,1.0,,1.0
PNM,PNM Resources Inc,,,,,,1.0
PNR,Pentair Ltd,,,,1.0,1.0,
PNTG,The Pennant Group Inc,,,1.0,,,
PNW,Pinnacle West Capital Corp,,,,1.0,1.0,
PODD,Insulet Corp,,,1.0,1.0,,
POOL,Pool Corp,,,1.0,1.0,1.0,
POST,Post Holdings Inc,,,,1.0,,1.0
POWI,Power Integratn,,,1.0,,,
PPBI,Pacific Premier Bncp,,,1.0,,,
PPC,Pilgrim's Pride,,,1.0,1.0,,1.0
PPD,Ppd Inc,,,1.0,1.0,,
PPG,PPG Industries,,,,1.0,1.0,
PPL,PPL Corp,,,,1.0,1.0,
PRAA,Pra Group Inc,,,1.0,,,
PRAH,Pra Health,,,1.0,1.0,,1.0
PRDO,Perdoceo Education Corp,,,1.0,,,
PRFT,Perficient Inc,,,1.0,,,
PRG,Prog Hldgs Inc,,,,,,1.0
PRGO,Perrigo Company,,,,1.0,1.0,
PRGS,Progress Software,,,1.0,,,
PRI,Primerica Inc,,,,1.0,,1.0
PRIM,Primoris Services Cp,,,1.0,,,
PRLD,Prelude Therapeutics Incorporated,,,1.0,,,
PRPL,Purple Innovation Inc,,,1.0,,,
PRQR,Proqr Therapeutics,,,1.0,,,
PRSC,Providence Svc Cp,,,1.0,,,
PRSP,Perspecta Inc,,,,,,1.0
PRU,Prudential Financial Inc,,,,1.0,1.0,
PS,Pluralsight Inc Cl A,,,1.0,1.0,,
PSA,Public Storage,,,,1.0,1.0,
PSB,Business Parks,,,,,,1.0
PSMT,Pricesmart Inc,,,1.0,,,
PSTG,Pure Storage Inc,,,,1.0,,
PSX,Phillips 66,,,,1.0,1.0,
PTC,Ptc Inc,,,1.0,1.0,,1.0
PTCT,Ptc Therapeutics,,,1.0,,,
PTON,Peloton Interactive Inc,,,1.0,1.0,,
PTVE,Pactiv Evergreen Inc,,,1.0,,,
PVH,Phillips-Van Heusen Corp,,,,1.0,1.0,
PWR,Quanta Services,,,,1.0,1.0,
PXD,Pioneer Natural Resources Company,,,,1.0,1.0,
PYPL,Paypal Holdings,,,1.0,1.0,1.0,
PZZA,Papa John's Intl,,,1.0,,,1.0
QCOM,Qualcomm Inc,,,1.0,1.0,1.0,
QDEL,Quidel Cp,,,1.0,1.0,,1.0
QFIN,360 Finance Inc ADR,,,1.0,,,
QGEN,Qiagen N.V.,,,,1.0,,
QLYS,Qualys Inc,,,1.0,,,1.0
QNST,Quinstreet Inc,,,1.0,,,
QRTEA,Qurate Retail Inc Series A,,,1.0,1.0,,
QRVO,Qorvo Inc,,,1.0,1.0,1.0,
QTRX,Quanterix Corp,,,1.0,,,
QURE,Uniqure N.V.,,,1.0,,,
R,Ryder System,,1.0,,1.0,,1.0
RAMP,Liveramp Holdings Inc,,,,,,1.0
RARE,Ultragenyx Pharmaceu,,,1.0,,,
RAVN,Raven Industries Inc,,,1.0,,,
RBC,Regal-Beloit Corp,,,,1.0,,1.0
RBCAA,Republic Bancorp Inc,,,1.0,,,
RCII,Rent-A-Center Inc,,,1.0,,,
RCKT,Rocket Pharmaceuticals Inc,,,1.0,,,
RCL,Royal Caribbean Cruises Ltd,,,,1.0,1.0,
RCM,R1 Rcm Inc,,,1.0,,,
RDFN,Redfin Corp,,,1.0,,,
RDWR,Radware Ltd,,,1.0,,,
RE,Everest Re Group,,,,1.0,1.0,
REAL,The Realreal Inc,,,1.0,,,
REG,Regency Centers Corp,,,1.0,1.0,1.0,
REGI,Renewable Energy,,,1.0,,,
REGN,Regeneron Pharmaceuticals,,,1.0,1.0,1.0,
REPL,Replimune Group Inc,,,1.0,,,
RETA,Reata Pharma,,,1.0,1.0,,
REXR,Rexford Industrial Realty Inc,,,,1.0,,1.0
REYN,Reynolds Consumer Products Inc,,,1.0,1.0,,
RF,Regions Financial Corp,,,,1.0,1.0,
RGA,Reinsurance Group of America Inc,,,,1.0,,1.0
RGEN,Repligen Cp,,,1.0,1.0,,1.0
RGLD,Royal Gold Inc,,,1.0,1.0,,1.0
RGNX,Regenxbio Inc,,,1.0,,,
RH,Restoration Hardware Holdings,,,,,,1.0
RHI,Robert Half International Inc,,,,1.0,1.0,
RJF,Raymond James Financial,,,,1.0,1.0,
RKT,Rocket Companies Inc Cl A,,,,1.0,,
RL,Ralph Lauren Corp,,,,1.0,1.0,
RLAY,Relay Therapeutics Inc,,,1.0,,,
RLI,Rli Corp,,,,,,1.0
RMBS,Rambus Inc,,,1.0,,,
RMD,Resmed Inc,,,,1.0,1.0,
RMR,The Rmr Grp A,,,1.0,,,
RNA,Avidity Biosciences Inc,,,1.0,,,
RNG,Ringcentral Inc,,,,1.0,,
RNR,Renaissancere Holdings Ltd,,,,1.0,,1.0
RNST,Renasant Corp,,,1.0,,,
ROCK,Gibraltar Ind Inc,,,1.0,,,
ROIC,Retail Opp Invts Cp,,,1.0,,,
ROK,Rockwell Automation Inc,,,,1.0,1.0,
ROKU,Roku Inc,,,1.0,1.0,,
ROL,Rollins Inc,,,,1.0,1.0,
ROLL,RBC Bearings Incorp,,,1.0,,,
ROP,Roper Industries,,,,1.0,1.0,
ROST,Ross Stores Inc,,,1.0,1.0,1.0,
RP,Realpage Inc,,,1.0,1.0,,
RPD,Rapid7 Inc,,,1.0,,,
RPM,RPM International Inc,,,,1.0,,1.0
RPRX,Royalty Pharma Plc Cl A,,,1.0,1.0,,
RRR,Red Rock Resorts Inc,,,1.0,,,
RS,Reliance Steel & Aluminum Company,,,,1.0,,1.0
RSG,Republic Services,,,,1.0,1.0,
RTX,Raytheon Technologies Corp,,,,1.0,1.0,
RUBY,Rubius Therapeutics Inc,,,1.0,,,
RUN,Sunrun Inc,,,1.0,,,1.0
RUSHA,Rush Entpr Cl A,,,1.0,,,
RVMD,Revolution Medicines Inc,,,1.0,,,
RXT,Rackspace Technology Inc,,,1.0,,,
RYAAY,Ryanair Hlds Plc,,,1.0,,,
RYN,Rayonier Inc REIT,,,,1.0,,1.0
RYTM,Rhythm Pharmaceuticals Inc,,,1.0,,,
SABR,Sabre Corp,,,1.0,1.0,,1.0
SAFM,Sanderson Farms IN,,,1.0,,,1.0
SAFT,Safety Ins Group Inc,,,1.0,,,
SAGE,Sage Therapeutic Com,,,1.0,1.0,,
SAIA,Saia Inc,,,1.0,,,
SAIC,Science Applications International,,,,1.0,,1.0
SAIL,Sailpoint Technologies Holdings Inc,,,,,,1.0
SAM,Boston Beer Company,,,,1.0,,1.0
SANM,Sanmina Corp,,,1.0,,,
SASR,Sandy Spring Bancorp,,,1.0,,,
SATS,Echostar Corp,,,1.0,1.0,,
SBAC,SBA Communications,,,1.0,1.0,1.0,
SBCF,Seacoast Banking Cp,,,1.0,,,
SBGI,Sinclair Brdcst A,,,1.0,,,
SBLK,Star Bulk Carriers,,,1.0,,,
SBNY,Signature Bank,,,1.0,1.0,,1.0
SBRA,Sabra REIT,,,1.0,,,1.0
SBSI,Southside Bancshares,,,1.0,,,
SBUX,Starbucks Corp,,,1.0,1.0,1.0,
SC,Santander Consumer USA Holdings,,,,1.0,,
SCCO,Southern Peru Copper Corp,,,,1.0,,
SCHL,Scholastic Cp,,,1.0,,,
SCHW,The Charles Schwab Corp,,,,1.0,1.0,
SCI,Service Corp International,,,,1.0,,1.0
SCOR,Comscore Inc,,,1.0,,,
SCSC,Scansource Inc,,,1.0,,,
SDC,Smiledirectclub Inc,,,1.0,,,
SDGR,Schrodinger Inc,,,1.0,,,
SEB,Seaboard Corp,,,,1.0,,
SEDG,Solaredge Tech,,,1.0,1.0,,1.0
SEE,Sealed Air Corp,,,,1.0,1.0,
SEIC,Sei Investments Company,,,1.0,1.0,,1.0
SF,Stifel Financial Corp,,,,,,1.0
SFBS,Servisfirst Bancs,,,1.0,,,
SFIX,Stitch Fix Inc,,,1.0,,,
SFM,Sprouts Farmers Mark,,,1.0,1.0,,1.0
SFNC,Simmons First Natl,,,1.0,,,
SGEN,Seattle Genetics Inc,,,1.0,1.0,,
SGMO,Sangamo Therapeutics,,,1.0,,,
SGMS,Scientific Games,,,1.0,,,1.0
SGRY,Surgery Partners CS,,,1.0,,,
SHC,Sotera Health Company,,,1.0,,,
SHEN,Shenandoah Telecom,,,1.0,,,
SHOO,Steven Maddens Ltd,,,1.0,,,
SHW,Sherwin-Williams Company,,,,1.0,1.0,
SIGI,Selective Ins Group,,,1.0,,,1.0
SILK,Silk Road Medical Inc,,,1.0,,,
SIMO,Silicon Motion Techn,,,1.0,,,
SINA,Sina Corp,,,1.0,,,
SIRI,Sirius XM Holdings,,,1.0,1.0,,
SITM,Sitime Corp,,,1.0,,,
SIVB,Svb Financial Group,,,1.0,1.0,1.0,
SIX,Six Flags Entertainment Corp,,,,1.0,,1.0
SJM,J.M. Smucker Company,,,,1.0,1.0,
SKX,Skechers U.S.A.,,,,1.0,,1.0
SKYW,Skywest Inc,,,1.0,,,
SLAB,Silicon Labs Inc,,,1.0,,,1.0
SLB,Schlumberger N.V.,,,,1.0,1.0,
SLDB,Solid Biosciences Inc,,,1.0,,,
SLG,SL Green Realty Corp,,,,1.0,1.0,
SLGN,Silgan Holdings,,,1.0,1.0,,1.0
SLM,SLM Corp,,,1.0,1.0,,1.0
SLS,Sellas Life Sciences Group Inc,,,1.0,,,
SMAR,Smartsheet Inc Cl A,,,,1.0,,
SMCI,Super Micro Computer,,,1.0,,,
SMG,Scotts Miracle-Gro Company,,,,1.0,,1.0
SMPL,The Simply Good Foods Company,,,1.0,,,
SMTC,Semtech Corp,,,1.0,,,1.0
SNA,Snap-On Inc,,,,1.0,1.0,
SNBR,Sleep Number Corp,,,1.0,,,
SND,Smart Sand Inc,,,1.0,,,
SNDR,Schneider National Inc,,,,1.0,,
SNPS,Synopsys Inc,,,1.0,1.0,1.0,
SNV,Synovus Financial Corp,,,,1.0,,1.0
SNX,Synnex Corp,,,,1.0,,1.0
SNY,Sanofi-Aventis S.A.,,,1.0,,,
SO,Southern Company,,1.0,,1.0,1.0,
SON,Sonoco Products Company,,,,1.0,,1.0
SONO,Sonos Inc,,,1.0,,,
SPB,Spectrum Brands Holdings Inc,,,,1.0,,
SPCE,Virgin Galactic Holdings Inc,,,,1.0,,
SPG,Simon Property Group,,,,1.0,1.0,
SPGI,S&P Global Inc,,,,1.0,1.0,
SPLK,Splunk Inc,,,1.0,1.0,,
SPNS,Sapiens Intl Cp NV,,,1.0,,,
SPOT,Spotify Technology S.A.,,,,1.0,,
SPR,Spirit Aerosystems Holdings,,,,1.0,,
SPSC,Sps Commerce Inc,,,1.0,,,
SPT,Sprout Social Inc Cl A,,,1.0,,,
SPWR,Sunpower Corp,,,1.0,,,
SQ,Square,,,,1.0,,
SQBG,Sequential Brands,,,1.0,,,
SR,Spire Inc,,,,,,1.0
SRC,Spirit Realty Capital Inc,,,,1.0,,1.0
SRCE,1st Source Corp,,,1.0,,,
SRCL,Stericycle Inc,,,1.0,1.0,,1.0
SRE,Sempra Energy,,1.0,,1.0,1.0,
SRNE,Sorrento Therpt,,,1.0,,,
SRPT,Sarepta Therapeutics,,,1.0,1.0,,
SSB,South State Cp,,,1.0,,,
SSD,Simpson Manufacturing Company,,,,,,1.0
SSNC,SS&C Technologies,,,1.0,1.0,,
SSRM,Ssr Mining Inc,,,1.0,,,
ST,Sensata Technologies Holding N.V.,,,,1.0,,
STAA,Staar Surgical Company,,,1.0,,,
STAY,Extended Stay America Inc,,,1.0,1.0,,
STBA,S&T Bancorp Inc,,,1.0,,,
STE,Steris Corp,,,,1.0,1.0,
STFC,State Auto Finl Corp,,,1.0,,,
STL,Sterling Bancorp,,,,1.0,,1.0
STLD,Steel Dynamics Inc,,,1.0,1.0,,1.0
STMP,Stamps.com Inc,,,1.0,,,
STNE,Stoneco Ltd Cl A,,,1.0,1.0,,
STOR,Store Capital Corpstore Capital,,,,1.0,,1.0
STRA,Strayer Education,,,1.0,,,1.0
STT,State Street Corp,,,,1.0,1.0,
STWD,Starwood Property Trust,,,,1.0,,
STX,Seagate Tech Ord Shs,,,1.0,,1.0,
STZ,Constellation Brands Inc,,,,1.0,1.0,
SUI,Sun Communities,,,,1.0,,
SUMO,Sumo Logic Inc,,,1.0,,,
SUPN,Supernus Pharm,,,1.0,,,
SVC,Service Properties Trust,,,1.0,,,1.0
SVMK,Svmk Inc,,,1.0,,,
SVRA,Savara Inc,,,1.0,,,
SWAV,Shockwave Medical Inc,,,1.0,,,
SWCH,Switch Inc,,,,1.0,,
SWI,Solarwinds Corp,,,,1.0,,
SWK,Stanley Black & Decker Inc,,,,1.0,1.0,
SWKS,Skyworks Solutions,,,1.0,1.0,1.0,
SWTX,Springworks Therapeutics Inc,,,1.0,,,
SWX,Southwest Gas Corp,,,,,,1.0
SXT,Sensient Technologies Corp,,,,,,1.0
SYBT,Stock Yards Bancorp,,,1.0,,,
SYBX,Synlogic Inc,,,1.0,,,
SYF,Synchrony Financial,,,,1.0,1.0,
SYK,Stryker Corp,,,,1.0,1.0,
SYKE,Sykes Enterprises,,,1.0,,,
SYNA,Synaptics Inc,,,1.0,,,1.0
SYNH,Syneos Health Inc,,,1.0,1.0,,1.0
SYY,Sysco Corp,,,,1.0,1.0,
T,AT&T Inc,,,,1.0,1.0,
TAP,Molson Coors Brewing Company,,,,1.0,1.0,
TBIO,Translate Bio Inc,,,1.0,,,
TBPH,Theravance Bio Ord,,,1.0,,,
TCBI,Texas Capital Bncsh,,,1.0,,,1.0
TCBK,Trico Bancshares,,,1.0,,,
TCF,TCF Financial Corp,,,1.0,1.0,,1.0
TCO,Taubman Centers,,,,1.0,,1.0
TCOM,Trip.com Group Ltd,,,1.0,,,
TCX,Tucows Inc Cl A,,,1.0,,,
TDC,Teradata Corp,,,,1.0,,1.0
TDG,Transdigm Group Inc,,,,1.0,1.0,
TDOC,Teladoc Health Inc,,,,1.0,,
TDS,Telephone and Data Systems,,,,1.0,,1.0
TDY,Teledyne Technologies Inc,,,,1.0,1.0,
TEAM,Atlassian Cls A Ord,,,1.0,1.0,,
TECH,Bio-Techne Cp,,,1.0,1.0,,1.0
TEL,Te Connectivity Ltd,,,,,1.0,
TENB,Tenable Holdings Inc,,,1.0,,,
TER,Teradyne Inc,,,1.0,1.0,1.0,
TEX,Terex Corp,,,,,,1.0
TFC,Truist Financial Corp,,,,1.0,1.0,
TFSL,Tfs Financial Corp,,,1.0,1.0,,
TFX,Teleflex Inc,,,,1.0,1.0,
TGNA,Tegna Inc,,,,,,1.0
TGT,Target Corp,,,,1.0,1.0,
TGTX,Tg Therapeuticscmn,,,1.0,,,
THC,Tenet Healthcare Corp,,,,,,1.0
THFF,First Finl Corp [In],,,1.0,,,
THG,The Hanover Insurance Group,,,,1.0,,1.0
THO,Thor Industries,,,,1.0,,1.0
THRM,Gentherm Inc,,,1.0,,,
THS,Treehouse Foods,,,,1.0,,1.0
TIF,Tiffany & Company,,,,1.0,1.0,
TIGO,Millicom International Cellular S.A.,,,1.0,,,
TJX,TJX Companies,,,,1.0,1.0,
TKR,Timken Company,,,,1.0,,1.0
TLND,Talend S.A.,,,1.0,,,
TLS,Telos Corp,,,1.0,,,
TMHC,Taylor Morrison Home Corp,,,,,,1.0
TMO,Thermo Fisher Scientific Inc,,,,1.0,1.0,
TMUS,T-Mobile US,,,1.0,1.0,1.0,
TMX,Terminix Global Hldgs Inc,,,,1.0,,
TNDM,Tandem Diabetes Care,,,1.0,1.0,,
TOL,Toll Brothers Inc,,,,1.0,,1.0
TOWN,Towne Bank,,,1.0,,,
TPH,Tri Pointe Homes Inc,,,,,,1.0
TPIC,Tpi Composites Inc,,,1.0,,,
TPR,Tapestry Inc,,,,1.0,1.0,
TPTX,Turning Point Therapeutics Inc,,,1.0,,,
TPX,Tempur-Pedic International Inc,,,,1.0,,1.0
TR,Tootsie Roll Industries,,,,,,1.0
TREE,Lendingtree Inc,,,1.0,1.0,,1.0
TREX,Trex Company,,,,1.0,,1.0
TRGP,Targa Resources,,,,1.0,,
TRHC,Tabula Rasa Healthcare Inc,,,1.0,,,
TRIP,Tripadvisor Inc,,,1.0,1.0,,1.0
TRMB,Trimble Navigation,,,1.0,1.0,,1.0
TRMK,Trustmark Corp,,,1.0,,,1.0
TRN,Trinity Industries,,,,1.0,,1.0
TROW,T Rowe Price Group,,,1.0,1.0,1.0,
TRS,Trimas Corp,,,1.0,,,
TRST,Trustco Bank Corp NY,,,1.0,,,
TRU,Transunion,,,,1.0,,
TRUP,Trupanion Inc,,,1.0,,,
TRV,The Travelers Companies Inc,,1.0,,1.0,1.0,
TSCO,Tractor Supply Company,,,1.0,1.0,1.0,
TSEM,Tower Semiconductor,,,1.0,,,
TSLA,Tesla Inc,,,1.0,1.0,1.0,
TSN,Tyson Foods,,,,1.0,1.0,
TT,Trane Technologies Plc,,,,1.0,1.0,
TTC,Toro Company,,,,1.0,,1.0
TTD,Trade Desk Inc,,,1.0,1.0,,
TTEC,Teletech Hlds,,,1.0,,,
TTEK,Tetra Tech Inc,,,1.0,,,1.0
TTGT,Techtarget Inc,,,1.0,,,
TTMI,TTM Technologies,,,1.0,,,
TTWO,Take-Two Interacti,,,1.0,1.0,1.0,
TVTX,Travere Therapeutics Inc,,,1.0,,,
TW,Tradeweb Markets Inc,,,1.0,1.0,,
TWLO,Twilio,,,,1.0,,
TWNK,Hostess Brands Inc,,,1.0,,,
TWOU,2U Inc,,,1.0,1.0,,
TWST,Twist Bioscience Corp,,,1.0,,,
TWTR,Twitter Inc,,,,1.0,1.0,
TXG,10X Genomics Inc,,,1.0,1.0,,
TXN,Texas Instruments,,,1.0,1.0,1.0,
TXRH,Texas Roadhouse Inc,,,1.0,,,1.0
TXT,Textron Inc,,,,1.0,1.0,
TYL,Tyler Technologies,,,,1.0,1.0,
UA,Under Armour Inc Cl C,,,,1.0,1.0,
UAA,Under Armour,,,,1.0,1.0,
UAL,United Airlines Holdings Inc,,1.0,1.0,1.0,1.0,
UBER,Uber Technologies Inc,,,,1.0,,
UBSI,United Bkshs Inc,,,1.0,,,1.0
UCBI,United Comm Banks,,,1.0,,,
UDR,United Dominion Realty Trust,,,,1.0,1.0,
UE,Urban Edge Properties,,,,,,1.0
UEIC,Universal Elect IN,,,1.0,,,
UFCS,United Fire Group,,,1.0,,,
UFPI,Universal Forest Prd,,,1.0,,,
UFS,Domtar Corp,,,,,,1.0
UGI,Ugi Corp,,,,1.0,,1.0
UHAL,A M E R C O,,,1.0,1.0,,
UHS,Universal Health Services,,,,1.0,1.0,
UI,Ubiquiti Networks,,,,1.0,,
UIHC,United Insurance Hld,,,1.0,,,
ULH,Universal Logis Hld,,,1.0,,,
ULTA,Ulta Beauty Inc,,,1.0,1.0,1.0,
UMBF,Ump Financial Corp,,,1.0,,,1.0
UMPQ,Umpqua Holdings Corp,,,1.0,1.0,,1.0
UNH,Unitedhealth Group Inc,,1.0,,1.0,1.0,
UNIT,Uniti Group Inc,,,1.0,,,
UNM,Unumprovident Corp,,,,1.0,1.0,
UNP,Union Pacific Corp,,1.0,,1.0,1.0,
UNVR,Univar Inc,,,,1.0,,1.0
UPLD,Upland Software Inc,,,1.0,,,
UPS,United Parcel Service,,1.0,,1.0,1.0,
UPWK,Upwork Inc,,,1.0,,,
URBN,Urban Outfitters Inc,,,1.0,,,1.0
URI,United Rentals,,,,1.0,1.0,
USB,U.S. Bancorp,,,,1.0,1.0,
USFD,US Foods Holding,,,,1.0,,
USM,United States Cellular Corp,,,,1.0,,
UTHR,United Therapeutic,,,1.0,1.0,,1.0
UVSP,Univest Corp of Penn,,,1.0,,,
V,Visa Inc,,1.0,,1.0,1.0,
VAC,Marriot Vacations Worldwide Cor,,,,,,1.0
VAR,Varian Medical Systems,,,,1.0,1.0,
VBTX,Veritex Holdings,,,1.0,,,
VC,Visteon Corp,,,1.0,,,1.0
VCYT,Veracyte Inc,,,1.0,,,
VEEV,Veeva Systems Inc,,,,1.0,,
VEON,Veon Ltd,,,1.0,,,
VER,Vereit Inc,,,,1.0,,
VFC,V.F. Corp,,,,1.0,1.0,
VG,Vonage Holdings,,,1.0,,,
VIAC,Viacomcbs Inc Cl B,,,1.0,1.0,1.0,
VIACA,Viacomcbs Inc Cl A,,,1.0,1.0,,
VIAV,Viavi Solutions,,,1.0,,,
VICI,Vici Properties Inc,,,,1.0,,
VICR,Vicor Cp,,,1.0,,,
VIE,Viela Bio Inc,,,1.0,,,
VIR,Vir Biotechnology Inc,,,1.0,,,
VIRT,Virtu Financial Cm A,,,1.0,1.0,,
VITL,Vital Farms Inc,,,1.0,,,
VLDR,Velodyne Lidar Inc.,,,1.0,,,
VLO,Valero Energy Corp,,,,1.0,1.0,
VLY,Valley National Bancorp,,,1.0,,,1.0
VMC,Vulcan Materials Company,,,,1.0,1.0,
VMI,Valmont Industries,,,,1.0,,1.0
VMW,Vmware Inc,,,,1.0,,
VNET,21Vianet Group Inc,,,1.0,,,
VNO,Vornado Realty Trust,,,,1.0,1.0,
VNT,Vontier Corp [Vnt/I],,,,1.0,1.0,
VOD,Vodafone Grp Plc Ads,,,1.0,,,
VOYA,VOYA Financial Inc,,,,1.0,,
VRM,Vroom Inc,,,1.0,1.0,,
VRNS,Varonis Systems Inc,,,1.0,,,
VRNT,Verint Systems Inc,,,1.0,,,
VRRM,Verra Mobility Corp,,,1.0,,,
VRSK,Verisk Analytics Inc,,,1.0,1.0,1.0,
VRSN,Verisign Inc,,,1.0,1.0,1.0,
VRT,Vertiv Holdings Llc.,,,,1.0,,
VRTU,Virtusa Corp,,,1.0,,,
VRTX,Vertex Pharmaceutic,,,1.0,1.0,1.0,
VSAT,Viasat Inc,,,1.0,1.0,,1.0
VSH,Vishay Intertechnology,,,,,,1.0
VST,Vistra Energy Corp,,,,1.0,,
VTR,Ventas Inc,,,,1.0,1.0,
VTRS,Viatris Inc,,,1.0,1.0,1.0,
VVV,Valvoline Inc,,,,1.0,,1.0
VZ,Verizon Communications Inc,,1.0,,1.0,1.0,
W,Wayfair Inc,,,,1.0,,
WAB,Wabtec Corp,,,,1.0,1.0,
WABC,Westamerica Bancorp,,,1.0,,,
WAFD,Washington Federal,,,1.0,,,1.0
WAL,Western Alliance Bancorp,,,,1.0,,
WASH,Washington TR Bncorp,,,1.0,,,
WAT,Waters Corp,,,,1.0,1.0,
WB,Weibo Corp Ads,,,1.0,,,
WBA,Walgreens Boots Alliance,,1.0,1.0,1.0,1.0,
WBS,Webster Financial Corp,,,,1.0,,1.0
WDAY,Workday Inc,,,1.0,1.0,,
WDC,Western Digital Cp,,,1.0,1.0,1.0,
WDFC,W D 40 Company,,,1.0,,,
WEC,Wisconsin Energy Corp,,,,1.0,1.0,
WELL,Welltower Inc,,,,1.0,1.0,
WEN,Wendys Company,,,1.0,1.0,,1.0
WERN,Werner Enterprise,,,1.0,,,1.0
WEX,Wex Inc,,,,1.0,,1.0
WFC,Wells Fargo & Company,,,,1.0,1.0,
WH,Wyndham Hotels & Resorts Inc,,,,1.0,,1.0
WHR,Whirlpool Corp,,,,1.0,1.0,
WING,Wingstop Inc,,,1.0,,,1.0
WIRE,Encore Wire Cp,,,1.0,,,
WIX,Wix.com Ltd,,,1.0,,,
WKHS,Workhorse Grp,,,1.0,,,
WLK,Westlake Chemical Corp,,,,1.0,,
WLTW,Willis Towers WT,,,1.0,1.0,1.0,
WM,Waste Management,,,,1.0,1.0,
WMB,Williams Companies,,,,1.0,1.0,
WMG,Warner Music Group Corp Cl A,,,1.0,,,
WMT,Wal-Mart Stores,,1.0,,1.0,1.0,
WOR,Worthington Industries,,,,,,1.0
WORK,Slack Technologies Inc,,,,1.0,,
WPC,W.P. Carey & CO Llc,,,,1.0,,
WPX,Wpx Energy Inc,,,,1.0,,1.0
WRB,W.R. Berkley Corp,,,,1.0,1.0,
WRI,Weingarten Realty Investors,,,,1.0,,1.0
WRK,Westrock Company,,,,1.0,1.0,
WSBC,Wesbanco Inc,,,1.0,,,
WSC,Willscot Corp,,,1.0,,,
WSFS,WSFS Financial Corp,,,1.0,,,
WSM,Williams-Sonoma,,,,1.0,,1.0
WSO,Watsco Inc,,,,1.0,,1.0
WST,West Pharmaceutical Services,,,,1.0,1.0,
WTFC,Wintrust Finl Corp,,,1.0,1.0,,1.0
WTM,White Mountains Insurance Group,,,,1.0,,
WTRG,Essential Utilities Inc,,,,1.0,,1.0
WU,Western Union Company,,,,1.0,1.0,
WW,Weight Watchers International Inc,,,1.0,,,1.0
WWD,Woodward Inc,,,1.0,1.0,,1.0
WWE,World Wrestling Entertainment,,,,1.0,,1.0
WY,Weyerhaeuser Company,,,,1.0,1.0,
WYND,Wyndham Destinations Inc,,,,1.0,,1.0
WYNN,Wynn Resorts Ltd,,,1.0,1.0,1.0,
X,United States Steel Corp,,,,,,1.0
XCUR,Exicure Inc,,,1.0,,,
XEC,Cimarex Energy Company,,,,1.0,,1.0
XEL,XCEL Energy Inc,,,1.0,1.0,1.0,
XLNX,Xilinx Inc,,,1.0,1.0,1.0,
XLRN,Acceleron Pharma,,,1.0,1.0,,
XNCR,Xencor Inc,,,1.0,,,
XOM,Exxon Mobil Corp,,,,1.0,1.0,
XP,XP Inc Cl A,,,1.0,,,
XPER,Xperi Holding Corp,,,1.0,,,
XPO,Xpo Logistics Inc,,,,1.0,,1.0
XRAY,Dentsply Sirona Inc,,,1.0,1.0,1.0,
XRX,Xerox Corp,,,,1.0,1.0,
XYL,Xylem Inc,,,,1.0,1.0,
Y,Alleghany Corp,,,,1.0,,1.0
YELP,Yelp Inc,,,,,,1.0
YMAB,Y-Mabs Therapeutics Inc,,,1.0,,,
YNDX,Yandex N.V.,,,1.0,,,
YUM,Yum! Brands,,,,1.0,1.0,
YUMC,Yum China Holdings Inc,,,,1.0,,
YY,YY Inc,,,1.0,,,
Z,Zillow Group Cl C,,,1.0,1.0,,
ZBH,Zimmer Biomet Holdings,,,,1.0,1.0,
ZBRA,Zebra Technologies,,,1.0,1.0,1.0,
ZEN,Zendesk Inc,,,,1.0,,
ZG,Zillow Grp Inc Cl A,,,1.0,1.0,,
ZGNX,Zogenix Inc,,,1.0,,,
ZI,Zoominfo Technologies Inc Cl A,,,1.0,,,
ZION,Zions Bancorp,,,1.0,1.0,1.0,
ZLAB,Zai Lab Ltd,,,1.0,,,
ZM,Zoom Video Communications Cl A,,,1.0,1.0,,
ZNGA,Zynga Inc Cl A,,,1.0,1.0,,
ZS,Zscaler Inc,,,1.0,1.0,,
ZTS,Zoetis Inc Cl A,,,,1.0,1.0,
